--
-- PostgreSQL database dump
--

\restrict yIzgIhEFICWwjkcdqM6ET5AiZkoRuDwB8scPUfzqD9mfyBLfoWe0MuT69gTElJc

-- Dumped from database version 18.1
-- Dumped by pg_dump version 18.1

SET statement_timeout = 0;
SET lock_timeout = 0;
SET idle_in_transaction_session_timeout = 0;
SET transaction_timeout = 0;
SET client_encoding = 'UTF8';
SET standard_conforming_strings = on;
SELECT pg_catalog.set_config('search_path', '', false);
SET check_function_bodies = false;
SET xmloption = content;
SET client_min_messages = warning;
SET row_security = off;

ALTER TABLE IF EXISTS ONLY public.user_follows DROP CONSTRAINT IF EXISTS user_follows_following_id_fkey;
ALTER TABLE IF EXISTS ONLY public.user_follows DROP CONSTRAINT IF EXISTS user_follows_follower_id_fkey;
ALTER TABLE IF EXISTS ONLY public.post_likes DROP CONSTRAINT IF EXISTS post_likes_user_id_fkey;
ALTER TABLE IF EXISTS ONLY public.post_likes DROP CONSTRAINT IF EXISTS post_likes_post_id_fkey;
ALTER TABLE IF EXISTS ONLY public.otps DROP CONSTRAINT IF EXISTS otps_user_id_fkey;
ALTER TABLE IF EXISTS ONLY public.chats DROP CONSTRAINT IF EXISTS fk_latest_message;
ALTER TABLE IF EXISTS ONLY public.community_members DROP CONSTRAINT IF EXISTS community_members_user_id_fkey;
ALTER TABLE IF EXISTS ONLY public.community_members DROP CONSTRAINT IF EXISTS community_members_community_id_fkey;
ALTER TABLE IF EXISTS ONLY public.comments DROP CONSTRAINT IF EXISTS comments_post_id_fkey;
ALTER TABLE IF EXISTS ONLY public.comments DROP CONSTRAINT IF EXISTS comments_commented_by_id_fkey;
ALTER TABLE IF EXISTS ONLY public.chat_users DROP CONSTRAINT IF EXISTS chat_users_user_id_fkey;
ALTER TABLE IF EXISTS ONLY public.chat_users DROP CONSTRAINT IF EXISTS chat_users_chat_id_fkey;
ALTER TABLE IF EXISTS ONLY public.messages DROP CONSTRAINT IF EXISTS "Message_sender_id_fkey";
ALTER TABLE IF EXISTS ONLY public.messages DROP CONSTRAINT IF EXISTS "Message_chat_id_fkey";
ALTER TABLE IF EXISTS ONLY public.communities DROP CONSTRAINT IF EXISTS "Community_creator_fkey";
ALTER TABLE IF EXISTS ONLY public.chats DROP CONSTRAINT IF EXISTS "Chat_group_admin_id_fkey";
ALTER TABLE IF EXISTS ONLY public.user_follows DROP CONSTRAINT IF EXISTS user_follows_pkey;
ALTER TABLE IF EXISTS ONLY public.post_likes DROP CONSTRAINT IF EXISTS post_likes_pkey;
ALTER TABLE IF EXISTS ONLY public.otps DROP CONSTRAINT IF EXISTS otps_user_id_key;
ALTER TABLE IF EXISTS ONLY public.otps DROP CONSTRAINT IF EXISTS otps_pkey;
ALTER TABLE IF EXISTS ONLY public.community_members DROP CONSTRAINT IF EXISTS community_members_pkey;
ALTER TABLE IF EXISTS ONLY public.comments DROP CONSTRAINT IF EXISTS comments_pkey;
ALTER TABLE IF EXISTS ONLY public.chat_users DROP CONSTRAINT IF EXISTS chat_users_pkey;
ALTER TABLE IF EXISTS ONLY public.users DROP CONSTRAINT IF EXISTS "User_pkey";
ALTER TABLE IF EXISTS ONLY public.users DROP CONSTRAINT IF EXISTS "User_email_key";
ALTER TABLE IF EXISTS ONLY public.posts DROP CONSTRAINT IF EXISTS "Post_pkey";
ALTER TABLE IF EXISTS ONLY public.messages DROP CONSTRAINT IF EXISTS "Message_pkey";
ALTER TABLE IF EXISTS ONLY public.communities DROP CONSTRAINT IF EXISTS "Community_pkey";
ALTER TABLE IF EXISTS ONLY public.communities DROP CONSTRAINT IF EXISTS "Community_name_key";
ALTER TABLE IF EXISTS ONLY public.chats DROP CONSTRAINT IF EXISTS "Chat_pkey";
ALTER TABLE IF EXISTS public.posts ALTER COLUMN id DROP DEFAULT;
ALTER TABLE IF EXISTS public.otps ALTER COLUMN id DROP DEFAULT;
ALTER TABLE IF EXISTS public.comments ALTER COLUMN id DROP DEFAULT;
DROP TABLE IF EXISTS public.users;
DROP TABLE IF EXISTS public.user_follows;
DROP TABLE IF EXISTS public.post_likes;
DROP SEQUENCE IF EXISTS public.otps_id_seq;
DROP TABLE IF EXISTS public.otps;
DROP TABLE IF EXISTS public.messages;
DROP TABLE IF EXISTS public.community_members;
DROP TABLE IF EXISTS public.communities;
DROP SEQUENCE IF EXISTS public.comments_id_seq;
DROP TABLE IF EXISTS public.comments;
DROP TABLE IF EXISTS public.chats;
DROP TABLE IF EXISTS public.chat_users;
DROP SEQUENCE IF EXISTS public."Post_id_seq";
DROP TABLE IF EXISTS public.posts;
DROP EXTENSION IF EXISTS pgcrypto;
--
-- Name: pgcrypto; Type: EXTENSION; Schema: -; Owner: -
--

CREATE EXTENSION IF NOT EXISTS pgcrypto WITH SCHEMA public;


--
-- Name: EXTENSION pgcrypto; Type: COMMENT; Schema: -; Owner: -
--

COMMENT ON EXTENSION pgcrypto IS 'cryptographic functions';


SET default_tablespace = '';

SET default_table_access_method = heap;

--
-- Name: posts; Type: TABLE; Schema: public; Owner: -
--

CREATE TABLE public.posts (
    id integer CONSTRAINT "Post_id_not_null" NOT NULL,
    caption text CONSTRAINT "Post_caption_not_null" NOT NULL,
    photo text,
    author_id character varying(255) CONSTRAINT "Post_author_id_not_null" NOT NULL,
    community_id character varying(255),
    user_details jsonb,
    created_at timestamp with time zone DEFAULT CURRENT_TIMESTAMP,
    updated_at timestamp with time zone DEFAULT CURRENT_TIMESTAMP
);


--
-- Name: Post_id_seq; Type: SEQUENCE; Schema: public; Owner: -
--

CREATE SEQUENCE public."Post_id_seq"
    AS integer
    START WITH 1
    INCREMENT BY 1
    NO MINVALUE
    NO MAXVALUE
    CACHE 1;


--
-- Name: Post_id_seq; Type: SEQUENCE OWNED BY; Schema: public; Owner: -
--

ALTER SEQUENCE public."Post_id_seq" OWNED BY public.posts.id;


--
-- Name: chat_users; Type: TABLE; Schema: public; Owner: -
--

CREATE TABLE public.chat_users (
    chat_id uuid NOT NULL,
    user_id uuid NOT NULL
);


--
-- Name: chats; Type: TABLE; Schema: public; Owner: -
--

CREATE TABLE public.chats (
    id uuid DEFAULT gen_random_uuid() CONSTRAINT "Chat_id_not_null" NOT NULL,
    chat_name character varying(255),
    is_group_chat boolean DEFAULT false,
    group_admin_id uuid,
    latest_message_id uuid,
    created_at timestamp with time zone DEFAULT CURRENT_TIMESTAMP,
    updated_at timestamp with time zone DEFAULT CURRENT_TIMESTAMP
);


--
-- Name: comments; Type: TABLE; Schema: public; Owner: -
--

CREATE TABLE public.comments (
    id integer NOT NULL,
    post_id integer,
    commented_by_id uuid,
    text text NOT NULL,
    commented_at timestamp with time zone DEFAULT CURRENT_TIMESTAMP
);


--
-- Name: comments_id_seq; Type: SEQUENCE; Schema: public; Owner: -
--

CREATE SEQUENCE public.comments_id_seq
    AS integer
    START WITH 1
    INCREMENT BY 1
    NO MINVALUE
    NO MAXVALUE
    CACHE 1;


--
-- Name: comments_id_seq; Type: SEQUENCE OWNED BY; Schema: public; Owner: -
--

ALTER SEQUENCE public.comments_id_seq OWNED BY public.comments.id;


--
-- Name: communities; Type: TABLE; Schema: public; Owner: -
--

CREATE TABLE public.communities (
    id uuid DEFAULT gen_random_uuid() CONSTRAINT "Community_id_not_null" NOT NULL,
    name character varying(255) CONSTRAINT "Community_name_not_null" NOT NULL,
    description text,
    avatar text,
    banner text,
    category character varying(255),
    creator uuid,
    created_at timestamp with time zone DEFAULT CURRENT_TIMESTAMP
);


--
-- Name: community_members; Type: TABLE; Schema: public; Owner: -
--

CREATE TABLE public.community_members (
    community_id uuid NOT NULL,
    user_id uuid NOT NULL
);


--
-- Name: messages; Type: TABLE; Schema: public; Owner: -
--

CREATE TABLE public.messages (
    id uuid DEFAULT gen_random_uuid() CONSTRAINT "Message_id_not_null" NOT NULL,
    sender_id uuid,
    chat_id uuid,
    content text CONSTRAINT "Message_content_not_null" NOT NULL,
    created_at timestamp with time zone DEFAULT CURRENT_TIMESTAMP,
    updated_at timestamp with time zone DEFAULT CURRENT_TIMESTAMP
);


--
-- Name: otps; Type: TABLE; Schema: public; Owner: -
--

CREATE TABLE public.otps (
    id integer NOT NULL,
    user_id uuid NOT NULL,
    code character varying(6) NOT NULL,
    expires_at timestamp without time zone NOT NULL,
    created_at timestamp without time zone DEFAULT now(),
    last_sent_at timestamp without time zone
);


--
-- Name: otps_id_seq; Type: SEQUENCE; Schema: public; Owner: -
--

CREATE SEQUENCE public.otps_id_seq
    AS integer
    START WITH 1
    INCREMENT BY 1
    NO MINVALUE
    NO MAXVALUE
    CACHE 1;


--
-- Name: otps_id_seq; Type: SEQUENCE OWNED BY; Schema: public; Owner: -
--

ALTER SEQUENCE public.otps_id_seq OWNED BY public.otps.id;


--
-- Name: post_likes; Type: TABLE; Schema: public; Owner: -
--

CREATE TABLE public.post_likes (
    post_id integer NOT NULL,
    user_id uuid NOT NULL
);


--
-- Name: user_follows; Type: TABLE; Schema: public; Owner: -
--

CREATE TABLE public.user_follows (
    follower_id uuid NOT NULL,
    following_id uuid NOT NULL
);


--
-- Name: users; Type: TABLE; Schema: public; Owner: -
--

CREATE TABLE public.users (
    id uuid DEFAULT gen_random_uuid() CONSTRAINT "User_id_not_null" NOT NULL,
    name character varying(255) CONSTRAINT "User_name_not_null" NOT NULL,
    email character varying(255) CONSTRAINT "User_email_not_null" NOT NULL,
    password character varying(255) CONSTRAINT "User_password_not_null" NOT NULL,
    image text,
    about text,
    date timestamp with time zone DEFAULT CURRENT_TIMESTAMP,
    is_verified boolean DEFAULT false CONSTRAINT "User_is_verified_not_null" NOT NULL
);


--
-- Name: comments id; Type: DEFAULT; Schema: public; Owner: -
--

ALTER TABLE ONLY public.comments ALTER COLUMN id SET DEFAULT nextval('public.comments_id_seq'::regclass);


--
-- Name: otps id; Type: DEFAULT; Schema: public; Owner: -
--

ALTER TABLE ONLY public.otps ALTER COLUMN id SET DEFAULT nextval('public.otps_id_seq'::regclass);


--
-- Name: posts id; Type: DEFAULT; Schema: public; Owner: -
--

ALTER TABLE ONLY public.posts ALTER COLUMN id SET DEFAULT nextval('public."Post_id_seq"'::regclass);


--
-- Data for Name: chat_users; Type: TABLE DATA; Schema: public; Owner: -
--

COPY public.chat_users (chat_id, user_id) FROM stdin;
7db2e4b8-719d-4f8a-804f-382ab5bf6827	8ae07fa0-8e99-4fde-9537-23f2d037f856
7db2e4b8-719d-4f8a-804f-382ab5bf6827	1dc0213b-5fef-44d6-b3db-88c6d4cc1514
803ade7c-d50f-4be2-9e37-99cd2f11e076	8ae07fa0-8e99-4fde-9537-23f2d037f856
9602900d-c903-4b91-aa59-c1cfb9301c45	1dc0213b-5fef-44d6-b3db-88c6d4cc1514
9602900d-c903-4b91-aa59-c1cfb9301c45	a0f973dd-f1d5-4782-bc54-dd6b7cda9185
803ade7c-d50f-4be2-9e37-99cd2f11e076	1dc0213b-5fef-44d6-b3db-88c6d4cc1514
803ade7c-d50f-4be2-9e37-99cd2f11e076	a0f973dd-f1d5-4782-bc54-dd6b7cda9185
\.


--
-- Data for Name: chats; Type: TABLE DATA; Schema: public; Owner: -
--

COPY public.chats (id, chat_name, is_group_chat, group_admin_id, latest_message_id, created_at, updated_at) FROM stdin;
7db2e4b8-719d-4f8a-804f-382ab5bf6827	sender	f	\N	0cd62f9f-58e9-4c0f-9566-29b1d87d87ca	2026-06-30 05:58:27.271207-07	2026-07-03 04:44:19.306168-07
9602900d-c903-4b91-aa59-c1cfb9301c45	sender	f	\N	1dadcf3e-555f-4a73-8299-bf9d4e75e7cf	2026-07-03 05:25:36.174931-07	2026-07-03 05:25:38.777787-07
803ade7c-d50f-4be2-9e37-99cd2f11e076	Gang	t	8ae07fa0-8e99-4fde-9537-23f2d037f856	d970f9b2-230b-4106-a67f-76c3911ea8f9	2026-07-01 05:29:55.9143-07	2026-07-03 22:12:45.331248-07
\.


--
-- Data for Name: comments; Type: TABLE DATA; Schema: public; Owner: -
--

COPY public.comments (id, post_id, commented_by_id, text, commented_at) FROM stdin;
1	\N	8ae07fa0-8e99-4fde-9537-23f2d037f856	hi	2026-07-03 04:31:03.287921-07
3	\N	a0f973dd-f1d5-4782-bc54-dd6b7cda9185	hi	2026-07-03 05:14:14.938007-07
4	\N	a0f973dd-f1d5-4782-bc54-dd6b7cda9185	hi	2026-07-03 05:20:02.099131-07
5	\N	a0f973dd-f1d5-4782-bc54-dd6b7cda9185	hi	2026-07-03 05:49:50.394286-07
6	\N	a0f973dd-f1d5-4782-bc54-dd6b7cda9185	hi	2026-07-03 05:49:59.70591-07
8	5	a0f973dd-f1d5-4782-bc54-dd6b7cda9185	hello 	2026-07-03 05:59:03.293139-07
9	8	a0f973dd-f1d5-4782-bc54-dd6b7cda9185	hero	2026-07-03 06:03:02.323808-07
\.


--
-- Data for Name: communities; Type: TABLE DATA; Schema: public; Owner: -
--

COPY public.communities (id, name, description, avatar, banner, category, creator, created_at) FROM stdin;
\.


--
-- Data for Name: community_members; Type: TABLE DATA; Schema: public; Owner: -
--

COPY public.community_members (community_id, user_id) FROM stdin;
\.


--
-- Data for Name: messages; Type: TABLE DATA; Schema: public; Owner: -
--

COPY public.messages (id, sender_id, chat_id, content, created_at, updated_at) FROM stdin;
238b909d-e9c4-452f-9395-3caf2be1a8a6	1dc0213b-5fef-44d6-b3db-88c6d4cc1514	7db2e4b8-719d-4f8a-804f-382ab5bf6827	hi	2026-06-30 05:58:31.533263-07	2026-06-30 05:58:31.533263-07
bfe1096c-39a1-408c-a60d-ad3294763582	1dc0213b-5fef-44d6-b3db-88c6d4cc1514	7db2e4b8-719d-4f8a-804f-382ab5bf6827	bro	2026-06-30 05:58:33.071382-07	2026-06-30 05:58:33.071382-07
0bf3faaa-d729-4f26-8645-3724273864f6	1dc0213b-5fef-44d6-b3db-88c6d4cc1514	7db2e4b8-719d-4f8a-804f-382ab5bf6827	🤩🤩	2026-06-30 05:58:44.604805-07	2026-06-30 05:58:44.604805-07
f5df967c-179e-4857-a350-c6bcfb492cbc	1dc0213b-5fef-44d6-b3db-88c6d4cc1514	7db2e4b8-719d-4f8a-804f-382ab5bf6827	 ![img](data:image/jpeg;base64,/9j/4AAQSkZJRgABAQAAAQABAAD/2wBDAP//////+v//////////////////////////////////////////////////////////////////////////////2wBDAf//////////////////////////////////////////////////////////////////////////////////////wAARCAcBA+ADAREAAhEBAxEB/8QAFgABAQEAAAAAAAAAAAAAAAAAAAEC/8QAFxABAQEBAAAAAAAAAAAAAAAAABEBIf/EABUBAQEAAAAAAAAAAAAAAAAAAAAB/8QAFBEBAAAAAAAAAAAAAAAAAAAAAP/aAAwDAQACEQMRAD8A0AAAAACAoAAAAAAAAAAAAAAAAAAAAAAIAACgAAgKAAACAAAAAAAAAAAAAAAAAAAAAAAAAAAAAAAAAAAAAAAAAAAAAAAAAAoIAAAAAAACgAAgAAAAAAAAAAAAAAAAAAAAKAAAAAAAAAAAAAAAAAAAAAAAAAAAAAAACAoAIACgAgKCAAAAAAAAAAAAAAAAAAAAAAAAAAAAAAAAAAAAAAAAAoIAAAAAACgAgAAAAAAKCAoIAAAAAAAAAAAAAAACgAgAAAKAAAAAAAAAAAAAAAAAAAAAAAAAAAAAAAAACAAAoAAIAAAAAAAAAAAAAAAAAAAAAAAAAAAAAAAAAAAAAAAAAAAAAAAACggAAAAAAAKCAAAAAAAAAAAAAAAAAAAAAAAAAoAAAAAAAAAAAAAAAAAAAAAAAAAICgAAAAAAAgAKAACAAAAAAAAAAAAAAAAAAAAAAAAAAAAAAAAAAAAAAAAAAAAAAAAAAAAAAAAAAAAAAAAAAAAAAAAAAAAAAAAAAAAoAAAAAAAAAAAICgAAAAAAAAAgAAAAAKAACAoAIACgAAgAAAAAAAAAAAAAAAAAAAAAAAAAAAAAAAAAAKCAAoAIAAAACggAAAAAAAAKACAAAAAAAAAAAAAAoAIAAAAAAAAAACgAAAAAAAAAAAgKAAAACAoAAAIAAAAAAAAAACggKAACAAAAAAAAAAAAAAAAAAAAAAAAAAAAAAAAAAAAAAAAAAAoAAAIAAAAAAAAAAAAAACggAAAAAAAAKCAAAAAAAAAAAAoAAAAIAACgAAgAKAAACAAoAAAAAAIAAAAAAAAAACgAAgAAAAAAAAAAAAAAAAAAAAAAAAAAAAAAAAAAAAAAAAAAKAACAAAoIAAAAAAAAAACggAAAAKCAAAAAAAAAAAAAAAAoAAAAAICgAAAgAKAAAAAAAAAAAAAACAAAAAAAAAoIAAAAAAAAAAAAAAAAAAAAAAAAAAAAAAAAAAAAAAAAACgAgKACAAAAAAAAAAAAAAAAoICgAgKACAAAAAAAAAAAAAAAAAoAAAAAAAAAIACgAAAAAAAAAAgKAAACAAAAAAAAAAAAAAAAAAAAAAAAAAAAAAAAAAAAAAAAAAAAAAAAAAAAAoAIAAAAAACggAKACAAoIACgAAgAAAAAAAAAAAAAAAAAAAAKAAAAAAAAAAAAAAAAAAAAACAoAAAAIACggAAAAAAAAAAAAAAAAAAAAAAAAAAAAAAAAAAAAAAAAAAAAAAAAAAAAAAAKCAAAAAoIAAAAACgAgAAAAAAAAAAAAAAAAAAAAKAAACAoAAAAAAAAAAAAAAAAIACgAAAAAAAgKCAAAAAAAAAAAAAAAAAAAAAAAAAAAAAAAAAAAAAAlAoKAAACggAAKCAAAAAAAAoAIAAAAAAACggAAAAAAAAAAAAAAAAAAAAAKAACAoAAAAAAAAAAAAAAAAAAAAAIACgAgAKCAAAAAAAAAAAAAAAAAAAAAAAAAAAAAAAAAAAAAAmgyoA1iCgAAoAAAAAAAIACgAAAAgAAAAAAAAAAAAAAAAAAAAAAAAAAAAAAAKAAAACAAoAAAAAAAAAICgAAAAgAAAAAAAAAAAAAAAAAAAAAAAAAAAAAAAAAAAAAAAAAAAAAAJoMqANYgoAKAAAAAAAAAAAAACAAAAAAAAAAAAAAAAAAAAAAAAAAAAAAAAAoAAAAIACgAgAAKAAAAACAoAAIACgAAgAKCAAAAAAAAAAAAAAAAAAAAAAAAAAAAAAAAAAAAAAAAAiiAA1iCgAAAAgAKAACAoAIAACggAKACAAAAAoIAAAAAAAAAAAAAAAAAAAAACgAAAgAAKAAACAoAAAAAAAAAIAAACgAgAAAAAAAAAAAAAAAAAAAAAAAAAAAAAAAAAAAAAAAAAAICKANYgoAAAAAAAAAIAAAAAAACgAgAAAAKCAAAAAAAAAAAAAAAAAAAAAAAoIACggAKCAAoAAAAAAICgAAAAgAAAKACAAAAAAAAAAAAAAAAAAAAAAAAAAAAAAAAAAAAAAAAAAAAyogN4goAAAAAAICgAgAAAKCAAAoIAAAAAAAAAAAAAAAAAAACggAAAAAAAAKAAAAAACAAAoAAAAAAAAAAAAIAAACggAAAAAAAAAAAAAAAAAAAAAAAAAAAAAAAAAAAAAAAAAAAM6oA1iCgAAAAgAAAAAKCAAoIACgAgAKCAAAAAAAAAAAAAAAAAAAAAAAAAAAoAAAAAAIAACgAgAKAAAAAAAACAAAAAAAAAAAAAAAAAAAAAAAAAAAAAAAAAAAAAAAAAAAAAAAAAmqIC4g0AAAAAAAACAAAAAAAAoIAAAAAAAAAAAAAAAAAAAAAAAAAAAAAACgAAgKAAAAACAoAAAAICgAAAAgAAKACAAAAAAAAAAAAAAAAAAAAAAAAAAAAAAAAAAAAAAAAAAAAAmqIC4g0AAAAAAAACAAAAAAAoAIAAAAAAAAAAAAAAAAAAAAAAAAAAAAAACgAgAKAAAAAAAAAAAAAAAAACAAoAAIAAAAAAAAAAAAAAAAAAAAAAAAAAAAAAAAAAAAAAAAAAAACaCKLiDQAAAAAAAAAIACggAAKCAAAAAoIAAAAAAAAAAAAAAAAAAAAAAAAACgAgKAAAAAAAAAAAAAAAAAACAAAAAAAAAAAAAAAAAAAAAAAAAAAAAAAAAAAAAAAAAAAAAAAAAAmgii4g0AAAAAAAAAAACAAoAAIACggAKCAAAAAAAAAoIAAAAAAAAAAAAAAACgAAAAAgKAAAAAAAAACAAoAIAAAAAAAAAAAAAAAAAAAAAAAAAAAAAAAAAAAAAAAAAAAAAAAAAABoMqLiDQAAAAAAAAICgAAAAAgAKACAAAAAoIAAAAAAAAAAAAAAAAAAAAAACgAAgKAAAAAAAAAAAACAAAAAAAAAAAAAAAAAAAAAAAAAAAAAAAAAAlBaBQAAAAAAAAAAAAAKCUFoAAGgyoYg2AAAAACAAoAAAAAIAAAAAAAAAACggAAAAAAAAAAAAAAAAAAAAAAKCAAoAAAAAAAAAAAAAAAAAAIAAAAAAAAAAAAAAAAAAAAAAAAAACaCAigAAAC0EAABQQAAAAAAAAACgtAAxBsAAAAAEBQAAAAQAFABAAAUAAEAABQQAAAAAFBAAAAAAAAAAAAAAAAAAUAAAAAAAAEABQAAAAAAAQAAAFAABAUEAAAAAAAAAAAAAAAAAAABICRQBAAAAAAAAAAAAUEAAAAAAABcBtAAAAAAAAAABAAUAAAEABQAAQAAAAAAAAAAAAAAAAAAAAAAAAAAAAAAFAABAUAAEABQAAAAAAQAAAFAABAAAAAAAAAAAAAAAAAAAAAAUAEAgEBIBAIoQCIEAgEBYBAIBAICQCARRICwCAgANIKAAAACAoIAAAAAAAAAACggAAAAAAAAAAAAAAAAAAAAAAAAAAAAAAAAAKACAoAAAAAAAAAAAIAAACgAgAAAAAAAAAAAAAAAAAAAAAAAAAAAKAAAAAAAAAAAAAAACAAAyoA2gAAAAAgAAAAAAAAKACAAAAAAAAAAAAAAAAAAAAAAAAAAAAAAAAAAAAoAIACgAAAgKAAAAAACAAAAoAIAAAAAAAAAAAAAAAAAAAAAAAAAAACgAAAAAAAAAAAAAAAAAgMqANoAAAAAICgAAAAAAAAAgAAKCAAAAAAAAAAAAAAAAAAAAAAAAAAAAAAAAoAIACgAAgAKAACAoAAIAACggAAAAAAAAAAAAAAAAAAAAAAAAAAAAAAKAAAAAAAAAAAAAAAACAyoA0goAAAAAAAAAAAIACgAgKACAAAAAAoIAAAAAAAAAAAAAAAAAAAAAAAACgAAgAKAACAoAAIAAAAAAAAAAAAAAAAAAAAAAAAAAAAAAAAAAAAAAAACgAAAAAAAAAAAAAAAgMqANIKAAAAAAAAACAAAAoAAICgAgAAAAAAAAAAAAAAAAAAAAAAAAAAAAKAAAAAAAAAAAAACAAAAAoIAAACggAAAAAAAAAAAAAAAAAAAAAAAAAAAAAKAACAAAoAAAAAAAAAIDKgDSCgAAAAAAAAAgAAAAAAAAKCAAAAAAAAAAAAAAAAAAAAAAAAAAAAoAAAAAAAAAAAIAAAAAACgAgAAAKCAAAAAAAAAAAAAAAAAAAAAAAAAAAAAoIAAACAoKAAAAAAAAACAyoA0goAAAAAAICgAgAAAAAAAAAAAAAAAAAAAAAAAAAAAAAAAAAAAAAKAAAAAAAAAACAAAAoAIACgAAgAAKCAAAAAAAAAAAAAAAAAAAAAAAAAAAAoIAAAAAACgAAAAAAAAgJqiAA0goAAAAAIAACgAgAAAAAAAAAAAAAAAAAAAAAAAAAAAAAAAAAAAAKAAAAAAAAAACAAoAAAAAAAAIACggAAAAAAAAAAAAAAAAAAAAAAAAAAAAKACAAyCgoAKAAAAAAAACAiiAYDSCgAAAAAAgAAKCAAAAAAAAAAAAAAAAAAAAAAAAAAAAAAAAAAAAAoAAAAAAAAAAAICgAAAAAAAAgAKACAAAAAAAAAAAAAAAAAAAAAAAAAAAAoIAADKgAC1BQAUAAAAAAEBFEBcBpAAAAAAABAAUAEAAAAAAAAABQQAAAAAAAAAAAAAAAAAAAAAAAAAFAAABAUEAABQAQAAFAAABAUAEAABQAQAAAAAAAAAAAAAAAAAAAAAAAAAAAAAAAAGVABBoAFAAAAABAAARRcQUAAAAAAAAAAAEAAAAAAABQAAQAAAAAAAAAAAAAAAAAAAAAAAAAFAABAAAAAUAAEAABQAAAQAAAAAFABAAAAAAAAAAAAAAAAAAAAAAAAAAAAAAAAATcAgEBQUAAAAAAEAAAABQAAAAAAAAAAQAAAAAAAAFABAAAAAAAAAAAAAAAAAAAAAAAAAAAUAEAAAAAABQAQAAFAABAAAAAAAAUEAAAAAAAAAAAAAAAAAAAAAAAAAAAAAAAABQQAAFBAUAAAAAEBQAAAAAAAAQFBAUAEAAAAAAAAAAAAAAAAAAAAAAAAAAAAAAAAAAAAABQAAQAAAAFAAABAAUAEAAAAAAAAAAAAAAAAAAAAAAAAAAAAAAAAAAAAAAAAAABQAQAAAAFAABAAUAAAAAAAAEABQAAAQAAAAAAAAAAAAAAAAAAAAAAAAAAAAAAAAAAAAAFABAUAAAAAAAAEBQAAQAAFABAAAAUEAAAAAAAAAAAAAAAAAAAAAAAAAAAAAAAABQQAAAAAAAAAAFAAAAAAABAAAUEAAAAAAAAAAAAAAAAAAAAAAAAAAAAAAAAAAAAAAAABQAAAAAAAAAAAAAAAAAQAAAAAAFBAAAAAAAAAAAAAAAAAAAAAAAAAAAAAAAAAAAAAAAAAAAAAUAAAEAAAAABQAQAAAAAAAAAAAAAAAAAAAAAAAAAAAAAAAAAAAAAAAAFAAAAAAAAAAAAAAAABAAAUEAAAAAAAAAAAAAAAAAAAAAAAAAAAAAAAAAAAAAAAAAAAAAAAAAAABQQAAFBAAAUEAAAAAAAAAAAAAAAAAAAAAAAAAAAAAAAAAAAAAAAAABQQFAAAAAAAAAAABAAAAAAUAEABQAQAAAAAAAAAAAAAAAAAAAAAAAAAAAAAAAAAAAAAAAAAAAAAAAAAAAAAAAAAAAAAAAAAAAAAAAAAAAAAAAAAAAAAAAAAAAAAAAAAAAFAAAAAAAABAAUEAAAAABQAQAFABAAAAAAAAAAAAAAAAAAAAAAAAAAAAAAAAAAAAAAAAAAAAAAAAAAAAAAAAUAEAAAABQQAAAAAAAAAAAAAAAAAAAAAAAAAAAAAAAAAAFAAAAAAAAAABAAUAAAEABQQAAFAABAAAAAAAAAAAAAAAAAAAAAAAAAAAAAAAAAAAAAAAAAAAAAAAAAAAAAAAAAAAAAAUEAAAAAAAAAAAAAAAAAAAAAAAAAAAAAAAAABQAQAFABAUAAAAEABQAAQAFABAAUAAEAAAAAAAAAAAAAAAAAAAAAAAAAAAAAAAAAAAAAAAAAAAAAAAAAAAAAAAAAAAAAAAAAAAAAAAAAAAAAAAAAAAAAAAABQQAAAAAAAFBAAUAEABQAAQAAFAAABAAUAEABQAQAAAAAAAAAAAAAAAAAAAAAAAAAAAAAAAAAAAAAAAAAAAAAAAAAAAAAAAAAAAAAAAAAAFABAAAAAAAAAAAAAAAAAAAAAAAAAAAAAAUAAAAAAAAEAAABQAAAQAAFBAAAAAAAAAAAAAAAAAAAAAAAAAAAAAAAAAAAAAAAAAAAAAAAAAAAAAAAAAAAAAAAAAAAAUEAABQQAAAAAAAAAAAAAAAAAAAAAAAAAAAAAFAAAABAUAAAAAAAAAEAAAAAAAAAAAAAAAAAAAAAAAAAAAAAAAAAAAAAAAAAAAAAAAAAAAAAAAAAAAAAAAAAAAAAAAAAAAAAAAAAAAAAAAAAAAAAAAAAAAAAAAAAAABQQFABAAAUAAAAAAAEAAABQQAAAAAAAAAAAAAAAAAAAAAAAAAAAAAAAAAAAAAAAAAAAAAAAAAAAAAAAAAAAAAAAAAAAAAAAAAAAAAAAAAAAAAAAAAAAAAAAAAAAAAAAAAFABAAAAUAEAABQAQAFABAAAAAAAUEAAAAAAAAAAAAAAAAAAAAAAAAAAAAAAAAAAAAAAAAAAAAAAAAAAAAAAAAAAAAAAAAAAAAAAAAAAAAAAAAAAAAAAAAAAAAAAAAABQAQAAAAFBAAAAUEAAAAAAAAAAABQQAAAAAAAAAAAAAAAAAAAAAAAAAAAAAAAAAAAAAAAAAAAAAAAAAAAAAAAAFBAAAAAAAAAAAAAAAAAAAAAAAAAAAAAAAAAAAAAAAAUAEAAAABQQAFABAAAAAAAAAAAAAUEAAAAAAAAAAAAAAAAAAAAAAAAAAAAAAAAAAAAAAAAAAAAAAAAAAAAAAAAAAAAABQAAQAAAAAAAAAAAAAAAAAAAAAAAAAAAAAAAAAAAAAAAFAAABAUEAAAAAAAAAAABQQAAAAAAAAAAAAAAAAAAAAAAAAAAAAAAAAAAAAAAEoFBKoUCoLQUAAAAAAAAAAAAAAAAFAABAAAAAAAAAAAAAAAAAAAAAAAAAAAAAAAAAAAAAAAUAEAAAAAAAAABQAQAAAAAAAAAAAAAAAAAAAAAAAAAAAAAAAAAAAAAAAAAAAGVAEAAAABQWoKAAAAAAAAAAAAACgAgAAAAAAAAAAAAAAAAAAAAAAAAAAAAAAAAAAAAAAAAAAAAAAAAAAAAKACAAAAAAAAAAAAAAAAAAAAAAAAAAAAAAAAAAAAAAAAAAAyAoAsAgEAgJAQAFzQaQAAAAAAAAAAAAAAAAAAAAAAAAAAAAAAAAAAAAAAAAAAAAAAAAAUAEAAAAAAAAAAAABQQAAAAAAAAAAAAAAAAAAAAAAAAAAAAAAAAAEoJQKC0CgUFAAAAABNBFAGkAAAAAEgIogLiDQAAAAAAAAAAAAAAAAAAAAAAAAAAAAAAAAAAAAAAAAAAAAAAAAAKCAAAAAAAAAAAAoAIAAAAAAAAAAAAAAAAAAAAAAAAAAAAAAAADO6ogAAAAKg0AAAAADKgC4g0ACAAAAAmqMgA3iCggAAAAAAAAAAAAAAAAAAAAAAAAAAAAAAAAAAAAAAAAAAAAAAAKCAAAAAAAAAAAAoAIAACgAgAAAAAAAAAAAAAAAAAAAAAAAAAAJoMqAAEBYCxBYAAAAACaCKCDQKAAACAoAJoMKANYg0ACAAAAAAAAoAAIAAAAAAAAAAAAAAAAAAAAAAAAAAAAAAAAAAACggAAAAAAAAAAAAAAKAAACAAAAAAAAAAAAAAAAAAAAAAAAAAAyogANZgKgAoIAAAAACaogLiDQAAAIAAAADOqIADeIKAACAAAAAAoAIAAAAAAAAAAAAAAAAAAAAAAAAAAAAAAAAAAAAAAAAAAAAAAAAAAAAAAAAAAAAAAAAAAAAAAAAAAAAAAAAAACaDKgDWYCoAKAACAAAAAmqIDWIKAACAAAAAAzqiAA1iCgoAAAAIAACggAKCAAAAAAAAAAAAAAAAAAAAAAAAAAAAAAAAAAAAAAAAAAAAAAAAAAAAAAAAAAAAAAAAAAAAAAAAAAAAAAAAAzqiAuYDSACgAAgAAAAAMqCDQKACAAAoIAADOqIAADaCgAAAgKACAAAAAAAAAAAAAAAAAAAAAAAAAAAAAAAAAAAAAAAAAoAIAAAAAAAAAAAAAAAAAAAAAAAAAAAAAAAAAAAAAAAAAADKgDSAACgAgAAAAAAMqCDQKACAAAoIAACaoyAADWINAAAAAAAgAAKCAAAAAAAAAAAAAAAAAAAAAAAAAAAAAAAAAAAAoAAIAAAAAAAACggAAAAKCAAAAAAAAAAAAAAAAAAAAAAAAAAAyoYDSAAAAAAAAAAADKgg0CgAgAAAAAAJqjIAANYg0AAAAAACAAAAAAAAAAAAAAAAAAAAAAAAAAAAAAAAAAAAAAAAAoIAAAAAAAAACggAAAKACAAAAAAAAAAAAAAAAAAAAAAAAAAAyoYg0AAAAAAAAAAADKgg2AACAAAAAAAmqMgAAuA0goAAAAIAAAAAAAAAAAAAAAAAAAAAAAAAAAAAAAAAAAAAAAAAAAAAAAAAAAACggAAAAAAAAAAAAAAAAAAAAAAAAAAAAAAAAMqGINAAAoIAAAAAAADKgg0CgAgAAAAAAM6ogAAANoKAAACAAAAAoIAAAAAAAAAAAAAAAAAAAAAAAAAAAAAAAAAAAAAAAAAAAAAAAAAAAAAAAAAAAAAAAAAAAAAAAAAAAAAAAAADKhiDQAKACAAoIAAAADKi4g0AACAAAAAAAwoAAAA3iCgAAAAgAAAAAAAAAAAAAAAAAAAAAAAAAAAAAAAAAAAAAAAAAAAAAAAAAAAAAAAAAAAAAAAAAAAAAAAAAAAAAAAAAAAAAAM6oYDSAACggAKCAAAAaDKi4goAAAAAAAAJoMqAAAAN4goAAAAIAAAAAAAAAAAAAAAAAAAAAAAAAAAAAAAAAAAAAAAAAAAAAAAAAAAAAAAAAAAAAAAAAAAAAAAAAAAAAAAAAAAAAADOqIDaAAAAAAAAAACaCA1gAAAAAAAAAJqjIAAAANYg0AACAAoIAAAAAAAAAAAAAAAAAAAAAAAAAAAAAAAAAAAAAAAAAAAAAAAAAAAAAAAAAAAAAAAAAAAAAAAAAAAAAAAAAAAAACaDKjeIAAAAAAAAAAIoIKAAAAAAAAACQEUQAAAGsQUFAABAUEABQQAAAAAAAAAAAAAAAAAAAAAAAAAAAAAAAAAAAAAAAAAAAAAAAAAAAAAAAAAAAAAAAAAAAAAAAAAAAAAAAAAAE0GVGsQUAAAAAAAAEBFFxBQAAAAAAAAAATVEBAAAaxBQUAEAAAAAAAAAAAAAAAAAAAAAAAAAAAAAAAAAAAAAAAAAAAAAAAAAAAAAAAAAAAAAAAAAAAAAAAAAAAAAAAAAAAAAAAAABhRQaQAAAAAASgigCoKAAAAAAAAAAADKiAAAA1iCgoAAIAAAAAAAAAAAAAAAAAAAAAAAAAAAAAAAAAAAAAAAAAAAAAAAAAAAAAAAAAAAAAAAAAAAAAAAAAAAAAAAAAAAAAAAADOqICgtQKBQKCVQABQIgoAAAAAAAAAKCAmgiiAAAoNIKAAACAAAAAAAAAAAAAAAAAAAAAAAAAAAAAAAAAAAAAAAAAAAAAAAAAAAAAAAAAAAAAAAAAAAAAAAAAAAAAAAAAAAAAAAAAAzFAAAAAAAFiCgAAAAAAAAAAAAAAzFAEABrMQUAFAAABAAAAAAAAAAAAAAAAAAAAAAAAAAAAAAAAAAAAAAAAAAAAAAAAAAAAAAAAAAAAAAAAAAAAAAAAAAAAAAAAAAAAAAAAAASAQCAQCAQFAAAAAAAAAAAAAAAAAAgJAICgAoAAAAIAAAAAAAAAAAAAAAAAAAAAAAAAAAAAAAAAAAAAAAAAAAAAAAAAAAAAAAAAAAAAAAAAAAAAAAAAAAAAAAAAAAAAAAAAAAAAAAAAAAAAAAAAAAAAAAAAAAACgAAAgKACAAAAAAAAAAAAAAAAAAAAAAAAAAAAAAAAAAAAAAAAAAAAAAAAAAAAAAAAAAAAAAAAAAAAAAAAAAAAAAAAAAAAAAAAAAAAAAAAAAAAAAAAAAAAAAAAAAAAoAAAICgAAgAAAAAAAAAAAAAAAAAAAAAAAAAAAAAAAAAAAAAAAAAAAAAAAAAAAAAAAAAAAAAAAAAAAAAAAAAAAAAAAAAAAAAAAAAAAAAAAAAAAAAAAM0Cg1gAKCAAAAAAAoAAIAAAAAAAAAAAAAAAAAAAAAAAAAAAAAAAAAAAAAAAAAAAAAAAAAAAAAAAAAAAAAAAAAAAAAAAAAAAAAAAAAAAAAAAAAAAAAAAAAAAAAAAAAAACaDKgDWIKCgAgAAAAAAAAAAAAAAAAAAAAAAAAAAAAAAAAAAAAAAAAAAAAAAAAAAAAAAAAAAAAAAAAAAAAAAAAAAAAAAAAAAAAAAAAAAAAAAAAAAAAAAAAAAAAAAAAAAAAM6ogALgNIAAAAAAAAAAAAAAAAAAAAAAAAAAAAAAAAAAAAAAAAAAAAAAAAAAAAAAAAAAAAAAAAAAAAAAAAAAAAAAAAAAAAAAAAAAAAAAAAAAAAAAAAAAAAAAAAAAAAAAAM6ogAAN4gAAAAAAAAAAAAAAAAAAAAAAAAAAAAAAAAAAAAAAAAAAAAAAAAAAAAAAAAAAAAAAAAAAAAAAAAAAAAAAAAAAAAAAAAAAAAAAAAAAAAAAAAAAAAAAAAAAAAAAAmgyoAuA0gAoAIAAAAAAAAAAAAAAAAAAAAAAAAAAAAAAAAAAAAAAAAAAAAAACggAAAAAAAAAAAAAAAAAAAAAAAAAAAAAAAAAAAAAAAAAAAAAAAAAAAAAAAAAAAJQKCgAAAAAAyogNYgoKAACAAAAAAAAAAoIAAAAAAAAAAAAAAAAAAAAAAAAAAAAAAAAAAAAAAAAAAAAAAAAAAAAAAAAAAAAAAAAAAAAAAAAAAAAAAAAAAAAAAAAAAAAABQSgyoAAAtAqC0FAABlRAbxBQQFAAAABAAAUEBQQAAAAAAAAAAAAAAAAAAAAAAAAAAAAAAAAAAAAAAAAAAAAAAAAAAAAAAAAAAAAAAAAAAAAAAAAAAAAAAAAAAAAAAAAAAAAAADQYUAAAAAAAAWgtAoIADSCggAKAAACAAAAoIACggAAAAAAAAAAAAAAAAAAAAAAAAAAAAAAAAAAAAAAAAAAAAAAAAAAAAAAAAAAAAAAAAAAAAAAAAAAAAAAAAAAAAAAAAAAAAJoMqALgLwCAkAABAAAAUFwFQUAAAAAAEBQQAAAAAAAAAAAAAAAAAAAAAAAAAAAAAAAAAAAAAAAAAAAAAAAAAAAAAAAAAAAAAAAAAAAAAAAAAAAAAAAAAAAAAAAAAAAAAAAAAAAE3AZUAAWgUCggAAAAAKC5qCgoAAAIAAAAAAAAAAAAAAAAAAAAAAAAAAAAAAAAAAAAAAAAAAAAAAAAAAAAAAAAAAAAAAAAAAAAAAAAAAAAAAAAAAAAAAAAAAAAAAAAAAAAAAAACbgJFEBQQAFAABYBAQEBQXNQUFAABAAAAAAAAAAAAAAAAAAAAAAAAAAAAAAAAAAAAAAAAAAAAAAAAAAAAAAAAAAAAAAAAAAAAAAAAAAAAAAAAAAAAAAAAAAAAAAAAAAAAAAAAAAAICQCAQCAsAABQQEiiAA1iCgAgAAAAAAAAAAAAAAAAAAAAAAAAAAAAAAAAAAAAAAAAAAAAAAAAAAAAAAAAAAAAAAAAAAAAAAAAAAAAAAAAAAAAAAAAAAAAAAAAAAAAAAAAAAAAAAAAKAAAACAgIouIKCgAAAgAAAAAAAAAAAAAAAAAAAAAAAAAAAAAAAAAAAAAAAAAAAAAAAAAAAAAAAAAAAAAAAAAAAAAAAAAAAAAAAAAAAAAAAAAAAAAAAAAAAAAAAAAAAAAKAAAAACAyoYg0CgAAgAAAAAAAAAAAAAAKCAAAAAAAAAAAAAAAAAAAAAAAAAAAAAAAAAAAAAAAAAAAAAAAAAAAAAAAAAAAAAAAAAAAAAAAAAAAAAAAAAAAAAAAAAAAAAAAAAAoAAICaACgoAIAAAAAAAAAAAAAAAAAAAAAAAAAAAAAAAAAAAAAAAAAAAAAAAAAAAAAAAAAAAAAAAAAAAAAAAAAAAAAAAAAAAAAAAAAAAAAAAAAAAAAAAAAAAAAAAAAAACgAgJoAKCgAAgAAAAAAAAAAAAAAAAAAAAAAAAAAAAAAAAAAAAAAAAAAAAAAAAAAAAAAAAAAAAAAAAAAAAAAAAAAAAAAAAAAAAAAAAAAAAAAAAAAAAAAAAAAAAAAAAAAAKCAgAKCggAAAAAAAAAAAAAAAAAAAAAAAAAAAAAAAAAAAAAAAAAAAAAAAAAAAAAAAAAAAAAAAAAAAAAAAAAAAAAAAAAAAAAAAAAAAAAAAAAAAAAAAAAAAAAAAAAAAAAAAAAAAAAAAAAAAAAAAAAAAAAAAAAAAAAAAAAAAAAAAAAAAAAAAAAAAAAAAAAAAAAAAAAAAAAAAAAAAAAAAAAAAAAAAAAAAAAAAAAAAAAAAAAAAAAAAAAAAAAAAAAAAAAAAAAAAAAAAAAAAAAAAAAAAAAAAAAAAAAAAAAAAAAAAAAAAAAAAAAAAAAAAAAAAAAAAAAAAAAAAAAAAAAAAAAAAAAAAAAAAAAAAAAAAAAAAAAAAAAAAAFBKBQSqFAoFQaAAAAAAAAAABmqIDWIKAAAAAAAAAAAAAAAAAAAAAAAAAAAAAAAAAAAAAAAAAAAAAAAAAAAAAAAAAAAAAAAAAAAAAAAAAAAAAAAAAAAAAAAAAAAAAADOgKAAAAIAAAAAACgYg0CggAAAAAAJQSqIACgtQUAAAAAAAAAAAAAAAAAAAAAAAAAAAAAAAAAAAAAAAAAAAAAAAAAAAAAAAAAAAAAAAAAAAAAAAAAAAAAAAAAAAAAAAAAAAAAGdBFAAAAAAAAFAgLAWIAAKCAAAAAlBKogAAAKABQWoKAAACgAgAAAAAAAAAAAAAAAAAAAAAAAAAAAAAAAAAAAAAAAAAAAAAAAAAAAAAAAAAAAAAAAAAAAAAAAAAAAAAAAAAAAAAAJAIBAIBAIBAWAAAAAAAoIAAAACaCKAEAgEBpAAgJFEAzQaQAAUAEAAAAAAAAAAAAAAAAAAAAAAAAAAAAAAAAAAAAAAAAAAAAAAAAAAAAAAAAAAAAAAAAAAAAAAAAAAAAAAAAAAAAAAAAAAAAAAABQAAAQAAAAAAGQUFAAAAABQQE3ARQoNIAAAAAAAAAAAAAAAAAAAAAAAAAAAAAAAAAAAAAAAAAAAAAAAAAAAAAAAAAAAAAAAAAAAAAAAAAAAAAAAAAAAAAAAAAAAAAAAAAAAKACAAAAAAAAAyo1iAAACgAgAAAJqjILgNIAAAAAAAAAAAAAAAAAAAICgAAAAAAAAAAAAAAAAAAAAAAAAAAAAAAAAAAAAAAAAAAAAAAAAAAAAAAAAAAAAAAAAAAAAAAAAAAAAAAAAAAAAAAAAyouIKACgAgAAAAJqjILgNIAAAAAAAAAAAAAAAAAAAAAAAAAAAAAAAAAAAAAAAAAAAAAAAAAAAAAAAAAAAAAAAAAAAAAAAAAAAAAAAAAAAAAAAAAAAAAAAAAAAAAAAAAAAAAM6CKNZqCgoAIAAAACaoyCg0goIAAAAAAAAAAAAAAAAAAAAAAAAAAAAAAAAAAAAAAAAAAAAAAAAAAAAAAAAAAAAAAAAAAAAAAAAAAAAAAAAAAAAAAAAAAAAAAAAAAAAAAAAACgAgM6ogNZqCgoAIAAADOqIC4DSCggAAAAAAAAAAAAAAAAAAAAAAAAAAAAAAAAAAAAAAAAAAAAAAAAAAAAAAAAAAAAAAAAAAAAAAAAAAAAAAAAAAAAAAAAAAAAAAAAAAAAAAAAAKCAAaDCgDWagoKCAAUGaogANYgoAAAAAAAAAAAAAAAAAAAAAAAAAAAAAAAAAAAAAAAAAAAAAAAAAAAAAAAAAAAAAAAAAAAAAAAAAAAAAAAAAAAAAAAAAAAAAAAAAJQKCVQAQaAAAAAAAAA3AZigC1BaBQSqICAA1mAqCggAAAAAAAAAAAAAAAAAAAAAAAAAAAAAAAAAAAAAAAAAAAAAAAAAAAAAAAAAAAAAAAAAAAAAAAAAAAAAAAAAAAAAAAAAAAM0CqFAoIAAAACoNAAAAAAAAAAAkBFAAAACAsQUFBAAAAAAAAAAAAAAAAAAAAAAAAAAAAAAAAAAAAAAAAAAAAAAAAAAAAAAAAAAAAAAAAAAAAAAAAAAAAAAAAAAAAAAAAAAAATQZUAAAAAAAagKgAAAAAAAAoIAAABASAsAAABQAQAAAAAAAAAAAAAAAAAAAAAAAAAAAAAAAAAAAAAAAAAAAAAAAAAAAAAAAAAAAAAAAAAAAAAAAAAAAAAAAAAAAAAAAAAAAAGYoQCAgAAAANYCoAKCAAAAAAAAAAAAAAAAoAAIACggAAAAAAAAAAAAAAAAAAAAAAAAAAAAAAAAAAAAAAAAAAAAAAAAAAAAAAAAAAAAAAAAAAAAAAAAAAAAAAAAAAAAAAAAAAAAAJASKEAABaCoAAAKCAAAAAAAAoIAAAACgAgAAAAAAAAAAAAAAAAAAAAAAAAAAAAAAAAAAAAAAAAAAAAAAAAAAAAAAAAAAAAAAAAAAAAAAAAAAAAAAAAAAAAAAAAAAAAAAAAKCAAAyogNYCoAKACAAAAAAAAAAAAAAAAAAAAAAAAAAAAAAAAAAAAAAAAAAAAAAAAAAAAAAAAAAAAAAAAAAAAAAAAAAAAAAAAAAAAAAAAAAAAAAAAAAAAAAAAAAAAAAAAAoAIABuAwooNYgAoAIAAAAAAAAAAAAAAAAAAAAAAAAAAAAAAAAAAAAAAAAAAAAAAAAAAAAAAAAAAAAAAAAAAAAAAAAAAAAAAAAAAAAAAAAAAAAAAAAAAAAAAAAAAAAAAAACgAAgAJuKMguA0gAAAAAAAAAAAAAAAAAAAAAAAAAAAAAAAAAAAAAAAAAAAAAAAAAAAAAAAAAAAAAAAAAAAAAAAAAAAAAAAAAAAAAAAAAAAAAAAAAAAAAAAAAAAAAAAAAAAAAAAAAzqiA1iCgAAAAAAoAAAIAAAAAAAAAAAAAAAAAAAAAAAAAAAAAAAAACggAAAAAAAAAAAAAAAAAAAAAAAAAAAAAAAAAAAAAAAAAAAAAAAAAAAAAAAAAAAAAAAAAAAAAAAAAAJuAyouA0gAAoIAACggAAAAAAAAAAAAAAAAAAAKCAAAAAAAAAAAAAAAAAAAAAAAAAAAAAAAAAAAAAAAAAAAAAAAAAAAAAAAAAAAAAAAAAAAAAAAAAAAAAAAAAAAAAAAAAAAoIDOqANYgAAAAAAAAAAAAAoIAAAAAAAAAAAAAAAAAAAAAAAAAAAAAAAAAAAAAAAAAAAAAAAAAAAAAAAAAAAAAAAAAAAAAAAAAAAAAAAAAAAAAAAAAAAAAAAAAAAAAAAACggJqjINYgoAAAAAAAAAAAAAAAAAAAAAAAAAAAAAAAAAAAAAAAAAAAAAAAAAAAAAAAAAAAAAAAAAAAAAAAAAAAAAAAAAAAAAAAAAAAAAAAAAAAAAAAAAAAAAAAAAAAAAAAAJoIouIKACggAAAAAAAAAAAAAAAAAAAAAAAAAAAAAAAAAAAAAAAAAAAAAAAAAAAAAAAAAAAAAAAAAAAAAAAAAAAAAAAAAAAAAAAAAAAAAAAAAAAAAAAAAAAAAAAAAAAAAAMqLiCgoAIAAAAACggAAAAKCAAAAAAAAAAAAAAAAAAAAAAAAAAAAAAAAAAAAAAAAAAAAAAAAAAAAAAAAAAAAAAAAAAAAAAAAAAAAAAAAAAAAAAAAAAAAAAAAAAAAAAAAAaDKi4goAAAAAAAKACAAAAoIAAAAAAAAAAAAAAAAAAAAAAAAAAAAAAAAAAAAAAAAAAAAAAAAAAAAAAAAAAAAAAAAAAAAAAAAAAAAAAAAAAAAAAAAADIChQKgtAoFAoLQKAAAABQSgigDSAACggAAAAAAAAAAAAAAAAAAAAAAAAAAAAAAAAAAAAAAAAAAAAAAAAAAAAAAAAAAAAAAAAAAAAAAAAAAAAAAAAAAAAAAAAAAAAAAAAAAAAAJASKIAAAAAAACgUCgAAAAsQUFAABAAAAAAAAAAAAAAAAAAAAAAAAAAAAAAAAAAAAAAAAAAAAAAAAAAAAAAAAAAAAAAAAAAAAAAAAAAAAAAAAAAAAAAAAAAAAAAAAAAAAAAAAASAkUICQAAAAFAAAgLAVAAAAAAAAABQQAAAAAAAAAAAAAAAAAAAAAAAAAAAAAAAAAAAAAAAAAAAAAAAAAAAAAAAAAAAAAAAAAAAAAAAAAAAAAAAAAAAAAAAAAAAAAAAAAAAAAAAAAAAAAAAAAAAAAAAAAAFBAAAAAAAAAAAAAAAAAAUEAAAAAAAAAAAAAAAAAAAAAAAAAAAAAAAAAAAAAAAAAAAAAAAAAAAAAAAAAAAAAAAAAAAAAAAAAAAAAAAAAAAAAAAAAAAAAAAAAAAAAAAAAAAAAAAAAAAAAAAAAABQQAAAAAAAAAAAAAAAAAAAAAAAAAAAAAAAAAAAAAAAAAAAAAAAAAAAAAAAAAAAAAAAAAAAAAAAAAAAAAAAAAAAAAAAAAAAAAAAAAAAAAAAAAAAAAAAAAAAAAAAAAAAAAAAAAAAAAAAAAAAAAAAAAAAAAAAAAAAAAAAAAAAAAAAAAAAAAAAAAAAAAAAAAAAAAAAAAAAAAAAAAAAAAAAAAAAAAAAAAAAAAAAAAAAAAAAAAAAAAAAAAAAAAAAAAAAAAAAAAAAAAAAAAAAAAAAAAAAAAAAAAAAAAAAAAAAAAAAAAAAAAAAAAAAAAAAAAAAAAAAAAAAAAAAAAAAAAAAAAAAAAAAAAAAAAAAAFBAAAAAAAAAAAAAAAAAAAAAAAAAAAAAAAAAAAAAAAAAAAAAAAAAAAAAAAAAAAAAAAAAAAAAAAAAAAAAAAAAAAAAAAAAAAAAAAAAAAAAAAAAAAAAAAAAAAAAAAAAAAAAAAAAAAAAAAAAUEABQQAAAAAAAAAAAAAAAAAAAAAAAAAAAAAAAAAAAAAAAAAAAAAAAAAAAAAAAAAAAAAAAAAAAAAAAAAAAAAAAAAAAAAAAACgUAAAAAAAAAAAAAAAAAAAAAAAAAAAAAFBAAAAAAAAAAAAAAAAAAAAAAAAAAAAAAAAAAAAAAAAAAAAAAAAAAAAAAAAAAAAAAAAAAAAAAAAAAAAAAAAAAAAAAAASgVRKBQQAACgtBagoAAAAAAAAAAAAAAAAAAAAAAAAAAAAAAAAAAAAAAAAAAAAAAAAAAAAAAAAAAAAAAAAAAAAAAAAAAAAAAAAAAAAAAAAAAAAAAAAAAAAAAAAAAAAAAAAM7qiAAAAAAAAAAA1moKAAAAAAAAAAAAAAAAAAAAAAAAAAAAAAAAAAAAAAAAAAAAAAAAAAAAAAAAAAAAAAAAAAAAAAAAAAAAAAAAAAAAAAAAAAAAAAAAAAAAAAAAAAAAACaDKiwFgEQUAAAEgEUSAgLgNIAAAAAAAAAAAAAAAAAAAAAAAAAAAAAAAAAAAAAAAAAAAAAAAAAAAAAAAAAAAAAAAAAAAAAAAAAAAAAAAAAAAAAAAAAAAAAAAAAAAAAAAAAAAAAM6oYDSAAAAAAAAADGqGA3iAAAAAAAAAAAAAAAAAAAAAAAAAAAAAAAAAAAAAAAAAAAAAAAAAAAAAAAAAAAAAAAAAAAAAAAAAAAAAAAAAAAAAAAAAAAAAAAAAAAAAAAAAAAAADOqGA0gAAAAAAAAmqMgYDaAAAAAAAAAAAAAAAAAAAAAAAAAAAAAAAAAAAAAAAAAAAAAAAAAAAAAAAAAAAAAAAAAAAAAAAAAAAAAAAAAAAAAAAAAAAAAAAAAAAAAAAAAAAAADOqGA0gAAAAAAAAzqiAuA0gAAAAAAAAAAAAAAAAAAAAAAAAAAAAAAAAAAAAAAAAAAAAAAAAAAAAAAAAAAAAAAAAAAAAAAAAAAAAAAAAAAAAAAAAAAAAAAAAAAAAAAAAAAAAAzqhgNIAAAAAAAJuqMgA1iCgAoIAAACgAgAAAAAAAAAAAAAAAAAAAAAAAAAAAAAAAAAAAAAAAAAAAAAAAAAAAAAAAAAAAAAAAAAAAAAAAAAAAAAAAAAAAAAAAAAAAAAAAAAAAAJqjINYgoAAAAAJoMqALgNIAAAAAAAAAAAAAAAAAAAAAAAAAAAAAAAAAAAAAAAAAAAAAAAAAAAAAAAAAAAAAAAAAAAAAAAAAAAAAAAAAAAAAAAAAAAAAAAAAAAAAAAAAAAAAAJoMqLgNIAAAAJugyoAA1iCgoAAIAAAAAAAAAAAAAAAAAAAAAAAAAAAAAAAAAAAAAAAAAAAAAAAAAAAAAAAAAAAAAAAAAAAAAAAAAAAAAAAAAAAAAAAAAAAAAAAAAAAAAAAAAAADOqIDWagoAAJQZUAAXAaQUAAEAAAAAAAAAAAAAAAAAAAAAAAAAAAAAAAAAAAAAAAAAAAAAAAAAAAAAAAAAAAAAAAAAAAAAAAAAAAAAAAAAAAAAAAAAAAAAAAAAAAAAAAAAAAAABncUQFoLQQAEAABrEFAAAAAAAAAAAAAAAAAAAAAAAAAAAAAAAAAAAAAAAAAAAAAAAAAAAAAAAAAAAAAAAAAAAAAAAAAAAAAAAAAAAAAAAAAAAAAAAAAAAAAAAAAAAAAAAAAABncUQAFBQQEBrAVAAAAAAAAAAAAAAAAAAAAAAAAAAAAAAAAAAAAAAAAAAAAAAAAAAAAAAAAAAAAAAAAAAAAAAAAAAAAAAAAAAAAAAAAAAAAAAAAAAAAAAAAAAAAAAAAAAAABnVEAAAABc0GsQAAAAAAAAAAAAAAAAAAAAAAAAAAAAAAAAAAAAAAAAAAAAAAAAAAAAAAAAAAAAAAAAAAAAAAAAAAAAAAAAAAAAAAAAAAAAAAAAAAAAAAAAAAAAAAAAAASglUQAAAAAAFxBoAAFBAAAAAAAAAAAAAAAAAAAAAAAAAAAAAAAAAAAAAAAAAAAAAAAAAKAAAAAAAAAAAAAAAAAAAAAAAAAAAAAAAAAAAAAAAAAAAAAAAAAAAAAAAAAAADNUQAAAAAAFgLAIgoKACAAAAAAAAAAAAAAAAAAAAAAAAAAAAAAAAAAAAAAAAAAAAAAAAAAkBQAAAAAAAAAAAAAAAAAAAAAAAAAAAAAAAAAAAAAAAAAAAAAAAAAAAAAAAAAZAiixAgEBYAAAAAAAAAAAAAAAAAAAAAAAAAAAAAAAAAAAAAAAAAAAAAAAAAAAAAAAAAAAAAAAAAAAAAAAAAAAAAAAAAAAAAAAAAAAAAAAAAAAAAAAAAAAAAAAAAAAAAAAAAAAAAAAAAAAAAAAAAAAAAAAAAAAAAAAAAAAAAAAAAAAAAAAAAAAAAAAAAAAAAAAAAAAAAAAAAAAAAAAAAAAAAAAAAAAAAAAAAAAAAAAAAAAAAAAAAAAAAAAAAAAAAAAAAAAAAAAAAAAAAAAAAAAAAAAAAAAAAAAAAAAAAAAACggAAAAAAAAAAAAAAAAAAAAAAAAAAAAAAAAAAAAAAAAAAAAAAAAAAAAAAAAAAAAAAAAAAAAAAAAAAAAAAAAAAAAAAAAAAAAAAAAAAAAAAAAAAAAAAAAAAAAAAAAAAAAAAAAAAAAAAAAAAAAAAAAAAAAAAAAAAAAAAAAAAAAAAAAAAAAAAAAAAAAAAAAAAAAAAAAAAAAAAAAAAAAAAAAAAAAAAAAAAAAAAKCAAAAAAAAAAAAAAAAAAAAAAAAAAAAAAAAAAAAAAAAAAAAAAAAAAAAAAAAAAAAAAAAAAAAAAAAAAAAAAAAAAAAAAAAAAAAAAAAAAAAAAAAAAAAAAAAAAAAAAAAAAAAAAAAAAAAAAAAAAAAAAAAAAAAAAAAAAAAAAAAAAAAAAAAAAAAAAAAAAAAAAAAAAAAAAAAAAAAAAAAAAAAAAAAAAAAAAAAAAAAAAAAAAAAAAAAAAAAAAAAAAAAAAAAAAAAAAAAAAAAAAAAAAAAAAAAAAAAAAAAAAAAAAAAAAAAAAAAAAAAAAAAAAAAAAAAAAAAAAAAAAAAAAAAAAAAAAAAAAAAAAAAAAAAAAAAAAAAAAAAAAAAAAAAAAAAAAAAAAAAAAAAAAAAAAAAAAAAAAAAAAAAAAAAAAAAAAAAAAAAAAAAAAAAAAAAAAAAAAAAAAAAAAAAAAAAAAAAAAAAAAAAAAAAAAAAAAAAAAlAqiUCgUCgtQUAAAAAAAAAAAAAAAAAAAAAAAAAAAAAAAAAAAAAAAAAAAFBAAAAAAAAAAAAAAAAAAAAAAAAAAAAAAAAAAAAAAAAAAAAAAAAAAAAAAAAAAAAAAAAAAAAAAAZ3VEAABAUAAFwGkAAAAAAAAAAAAAAAAAAAAAAAAAAAAAAAAAAAAAAAAAAAAAAAAAAAAAAAAAAAAAAAAAAAAAAAAAAAAAAAAAAAAAAAAAAAAAAAAAAAAAAAAAAAAAAAAAE0GVDMBqAQCIEUSAgANYgoAAAAAAAAAAAAAAAAAAAAAAAAAAAAAAAAAAAAAAAAAAAAAAAAAAAAAAAAAAAAAAAAAAAAAAAAAAAAAAAAAAAAAAAAAAAAAAAAAAAAAAAAAAAAAAAAM6ogNoAAAAAJqjINYgoAAAAAAAAAAAAAAAAAAAAAAAAAAAAAAAAAAAAAAAAAAAAAAAAAAAAAAAAAAAAAAAAAAAAAAAAAAAAAAAAAAAAAAAAAAAAAAAAAAAAAAAAAAAAAAAAM6oYDSAAAAACaDKjWIKAAAAAAAAAAAAAAAAAAAAAAAAAAAAAAAAAAAAAAAAAAAAAAAAAAAAAAAAAAAAAAAAAAAAAAAAAAAAAAAAAAAAAAAAAAAAAAAAAAAAAAAAAAAAAAAADCjWIKAAAAACAii4goAAAAAAAAAAAAAAAAAAAAAAAAAAAAAAAAAAAAAAAAAAAAAAAAAAAAAAAAAAAAAAAAAAAAAAAAAAAAAAAAAAAAAAAAAAAAAAAAAAAAAAAAAAAAAAAAMKNYgoAAAAAIDKjWIKAACggAAAAAAAAAAAAAAAAAAAAAAAAAAAAAAAAAAAAAAAAAAAAAAAAAAAAAAAAAAAAAAAAAAAAAAAAAAAAAAAAAAAAAAAAAAAAAAAAAAAAAAAAAAAAM6oYDSAAAAADOqMg1gNIAKACAAAAAAAAAAAAAAAAAAAAAAAAAAAAAAAAAAAAAAAAoIAAAAAAAAAAAAAAAAAAAAAAAAAAAAAAAAAAAAAAAAAAAAAAAAAAAAAAAAAAAAAAAAAAADOqIDWIKAAAADGqIDWA0gAAAAAAAAAAAAAAAAAAAAAAAAAAAAAAAAAAAAAAAAAAAAAAAAAAAAAAAAAAAAAAAAAAAAAAAAAAAAAAAAAAAAAAAAAAAAAAAAAAAAAAAAAAAAAAAAmqMguA0gAAAzuqICAuA2gAAAAAAAAUCglAoFAoFAoFUKBQSgUCgUCgtQUAAAAAAAAAAAAAAAAAAAAAAAAAAAAAAAAAAAAAAAAAAAAAAAAAAAAAAAAAAAAAAAAAAAAAAAAAAAAAAAAAAAAAADQYUMBtABKozQAQAFBqoFAqhQSgUCglAAAAAAAAABAAAAUEBQQFwGkFAAAAAAAAAAAAAAAAAAAAAAAAAAAAAAAAAAAAAAAAAAAAAAAAAAAAAAAAAAAAAAAAAAAAAAAAAAAAAAAAAAAAAABncUQFzQKCAgAAAAKAAAAAAAAAABAICwCAQCAQCAkAgAAAAGA2gAAAAAAAAAAAAoIAAAAAAAAAAAAAAAAAAAAAAAAAAAAAAAAAAAAAAAAAAAAAAAAAAAAAAAAAAAAAAAAAAAAAAAAACaoyCAAAAAAoALAIBAICwCIEAgLAIAAAAAAAAAAADKgCwEgLmIKAAAAACggAAAAAAAAAAAAAAAAAAAAAAAAAAAAAAAAAAAAAAAAAAAAAAAAAAAAAAAAAAAAAAAAAAAAAAAAAAAAAAAM1RAQFAAAAAABcBpAAAAAAAAAAAAABQQAFABAAAAAAAAAAAAAAAAAAAAAAAAAAAAAAAAAAAAAAAAAAAAAAAAAAAAAAAAAAAAAAAAAAAAAAAAAAAAAAAAAAAAAAAAAAAAAY3VAACAsAgEBYgQCAsAAAAAAAAAAAAAAAAAAAAAAAAAAAAAAAAAAAAAAAAAAAAAAAAAAAAAAAAAAAAAAAAAAAAAAAAAAAAAAAAAAAAAAAAAAAAAAAAAAAAAAAAAAAAAAAABnVEzAagLEAAAAAAAAAAAAAAAAAAAAAAAAAAAAAAAAAAAAAAAAAAAAAAAAAAAAAAAAAAAAAAAAAAAAAAAAAAAAAAAAAAAAAAAAAAAAAAAAAAAAAAAAAAAAAAAAAAAAAAAAEBQAAAAAAAAAAAAAAAAAAAAAAAAAAAAAAUAEAAAAABkFwFAAAAAAAAAAAAAAAAAAAAAAAAAAAAAAAAAAAAAAAAAAAAAAAAAAAAAAAAAAAAAAAAAAAAAAAAAAAAAAAAAAAAAAAAAAAAAAAAABQAQAAAAAAAAAAAAAAAAAAAAAAAAAAAAAAAAAAAAAAAAAAAAAAAAAAAAAAAAAAAAAAAAAAAAAAAAAAAAAAAAAAAAAAAAAAAAAAAAAAAAAAAAAAAAAAAAAAAAAAAAAAAAAAAAAAAAAAAAAAAAAAAAAAAAAAAAAAAAAAAAAAAAAAAAFBAAAAAAAAAAAAAAAAAAAAAAAAAAAAAAAAAAAAAAAAAAAAAAAAAAAAAAAAAAAAAAAAAAAAAAAAAAAAAAAAAAAAAAAAAAAAAAAAAAAAAAAAAAAAAAAAAAAAAAAAAAAAAAAAAAAAAAAAAAAAAAAAAAAAAAAAAAAAAAAAAAAAAAAAAAAAAAAAAAAAAAAAAAAAAAAAAAAAAAAAAAAAAAAAAAAAAAAAAAAAAAAAAAAAAAAAAAAAAAAAAAAAAAAAAAAAAAAAAAAAAAAAAAAAAAAAAAAAAAAAAAAAAAAAAAAAAAAAAAAAAAAAAAAAAAAAAAAAAAAAAAAAAAAAAAAAAAAAAAAAAAAAAAAAAAAAAAAAAUEAAAAAAAAAAAAAAAAAAAAAAAAAAAAAAAAAAAAAAAAAAAAAAAAAAAAAAAAAAAAAAAAAAAAAAAAAAAAAAAAAAAAAAAAAAAAAAAAAAAAAAAAAAAAABQAQAAAAAAAAAAAAAAAAAAAAAAAAAAAAAAAAAAAAAAAAAAAAAAAAAAAAAAAAAAAAAAAAAAAAAAAAAAAAAAAAAAAAAAAAAAAAAAAAAAAAAAAAAAAAAAAAAAAAAAAAAFBAAAAAAAAAUEAAAAAAAAAAAAAAAAAAAAAAAAAAAAAAAAAAAAAAAAAAAAAAAAAAAAAAAAAAAAAAAAAAAAAAAAAAAAAAAAAABKBQKBQSqJQWgUCgtQSgtAoFAoFAoFAoFAoFAoFAoFAoFAoFBQAAAUEAAABQQAAAAAAAAAAAAAAAAAAAAAAAAAAAAAAAAAAAAAAAAAAAAAAAAAAAAAAAAAAAAAAAAAAAAAAAAAAAAAAAAAAE0GVEAAAAAAABQAAAAAAAAAAAAAAAAAAQFBvEAAAFBAAAAAAAUAEAAAAAAAAAAAAAAAAAAAAAAAAAAAAAAAAAAAAAAAAAAAAAAAAAAAAAAAAAAAAAAAAAAAAAAAAAAAAAABAZUAAAAAAQAFAAAAAgEAgEAgAEAgEAgAAAAAANYgoKCAoIAAAAACgAgAAAAAAAAAAAAAAAAAAAAAAAAAAAAAAAAAAAAAAAAAAAAAAAAAAAAAAAAAAAAAAAAAAAAAAAAAAAAAAAAAEBICbiiAAAAAAAA1gKgAAAAAAAAAAAkAgEUICQFzEGgAQFABAAAAUEAAAAAAAAAAAAAAAAAAAAAAAAAAAAAAAAAAAAAAAAAAAAAAAAAAAAAAAAAAAAAAAAAAAAAAAAAAAAAAAAAAAAAAAgJAIBAIDKgAIuCtIKAAAACAAoAAAAAAAIACgAAAgAAAAAAAAAAAAAAAAAAAAAAAAAAAAAAAAAAAAAAAAAAAAAAAAAAAAAAAAAAAAAAAAAAAAAAAAAAAAAAAAAAAAAAAAAAAAAAAAAAMxRABFzRWkFAAABAAUAAAAAAAAEAAAAAAAAAAAAAAAAAAAAAAAAAAAAAAAAAAAAAAAAAAAAAAAAAAAAAAAAAAAAAAAAAAAAAAAAAAAAAAAAAAAAAAAAAAAAAAAAAAAABQAAQE3FGQAaxBoAAAEBQAAAAAAAAAQAAAAAAAAAAAAAAAAAAAAAAAAAAAAAAAAAAAAAAAAAAAAAAAAAAAAAAAAAAAAAAAAAAAAAAAAAAAAAAAAAAAAAAAAAAAAAAAAAAAAAAFABATVGQXAaQUAAAAAAAEABQAAAAQAAAFBAAAAAAAAAAAAAAAAAAAAAAAAAAAAAAAAAAAAAAAAAAAAAAAAAAAAAAAAAAAAAAAAAAAAAAAAAAAAAAAAAAAAAAAAAAAAAAAAAUEAABnVAGkFAAABAAAAAAAUAAAEAABQQAAAAAAAAAAAAAAAAAAAAAFBAAAAAAAAAAAAAAAAAAAAAAAAAAAAAAAAAAAAAAAAAAAAAAAAAAAAAAAAAAAAAAAAAAAAAAAAAAAAAAAZUAaQUAAAAEAABQAAAAAAQAFABAAAAAAAAAAAAAAAAAAAAAAAAAUEAAAAAAAAAAAAAAAAAAAAAAAAAAAAAAAAAAAAAAAAAAAAAAAAAAAAAAAAAAAAAAAAAAAAAAAAAAABNUQGkFAAABAAUAAAAAAAAAEBQAQAAAAAAAAAAAAAAAAAAAAAAAAAAAAAAAAAAAAAAAAAAAAAAAAAAAAAAAAAAAAAAAAAAAAAAAAAAAAAAAAAAAEBQAAAAAAAAAAAAAAAATVEwG0AEBQQAAFBAUAAAAEBQAQAFBAAAAAAAAAAAAAAAAAAAAAAAAAAAAAAAAAAAAAAAAAAAAAAAAAAAAAAAAAAAAAAAAAAAAAAAAAAAAAAAAAAATQRRc1BQAAAAAAAAAAAAAARRAXEGgQAFBAUAEBQAQAFABAUAEAAAAAAAAAAAAAAAAAAAAAAAAAAAAAAAAAAAAAAAAAAAAAAAAAAAAAAAAAAAAAAAAAAAAAAAAAAAAAAAAAAAAAABnVEBrNQUAAAAAAAAAAAAEUQAGsQUAEAABQAQAAAFABAAUAEAAABQQAAAAAAAAAAAAAAAAAAAAAAAAAAAAAAAAAAAAAAAAAAAAAAAAAAAAAAAAAAAAAAAAAAAAAAAAAAAAAAAAAE0GVAGs1BQAAAAAAAAAASqIAC4CoKCAAAAoAICggAKAACAAAAAAAAAAAAAAAAAAAAAAAAAAAAAAAAAAAAAAAAAAAAAAAAAAAAAAAAAAAAAAAAAAAAAAAAAAAAAAAAAAAAAAAAAAAm4DKgC0FoFQUAAEoFAoJVAAAFgKgoAAICgAAAgAAAAAAAAAAAKCAAAAAAAAAAAAAAAAAAAAAAAAAAAAAAAAAAAAAAAAAAAAAAAAAAAAAAAAAAAAAAAAAAAAAAAAAAAAAAAAAAAAAAm4DMUAAAAKBQAAAUAFgKgAAoAAICgAgAAKCAAAAAAoIACgAgAAAAAAAAAAAAAAAAAAAAAAAAAAAAAAAAAAAAAAAAAAAAAAAAAAAAAAAAAAAAAAAAAAAAAAAAAAAAAAAAAAAAAAAM7iiAAAAAAsBYCxAABQAAAAQAFAABAAAAAAAAAAAAAAAAAAAAAAAAAAAAAAAAAAAAAAAAAAAAAAAAAAAAAAAAAAAAAAAAAAAAAAAAAAAAAAAAAAAAAAAAAAAAAAAAAAAAAAAICQCAsAgEAABQAQFAAAABAUAAAAAAEAAAAAAAAAAAAAAAAAAAAAAAAAAAAAAAAAAAAAAAAAAAAAAAAAAAAAAAAAAAAAAAAAAAAAAAAAAAAAAAAAAAAAAAAAAAAAAAAAABQQAFBAAAAAUAEBQAAAQFAABAUAAAEAABQQAAAAAAAAAAAAAAAAAAAAAAAAAAAAAAAAAAAAAAAAAAAAAAAAAAAAAAAAAAAAAAAAAAAAAAAAAAAAAAAAAAAAAAAAAAAAAAFAAABAAAAAAUAEBQAQFAAABAUAAEAABQQAAAAAFBAAAAAAAAAAAAAAAAAAAAAAAAAAAAAAAAAAAAAAAAAAAAAAAAAAAAAAAAAAAAAAAAAAAAAAAAAAAAAAAAAAAAAAAAAAAAUAEAAAAAABQAAAAAAAAAAQFABAAAAAAAAAAAAAAAAAAAAAAAAAAAAAAAAAAAAAAAAAAAAAAAAAAAAAAAAAAAAAAAAAAAAAAAAAAAAAAAAAAAAAAAAAAAAAAAAAAAAAAUEABQQAAFAAAAAAAABAUAAAAEAAAAAAABQQAAAAAAAAAAAAAAAAAAAAAAAAAAAAAAAAAAAAAAAAAAAAAAAAAAAAAAAAAAAAAAAAAAAAAAAAAAAAAAAAAAAAAAAAAAAAFBAAUAAAAEAAAABQAAQAAAAAAAAAFABAAAAAAAAAAAAAAAAAAAAAAAAAAAAAAAAAAAAAAAAAAAAAAAAAAAAAAAAAAAAAAAAAAAAAAAAAAAAAAAAAAAAAAAAAAAAAAAAUEBQAAQAAAAAAAFBAAAAUAEBQQAAAAAAAAAAAAAAAAAAAAAAAAAAAAAAAAAAAAAAAAAAAAAAAAAAAAAAAAAAAAAAAAAAAAAAAAAAAAAAAAAAAAAAAAAAAAAAAAAAAAAAAFABAUAAEAABQAAQAAAAAAAAAFABAAAAAAAAUEAAAAAAAAAAAAAAAAAAAAAAAAAAAAAAAAAAAAAAAAAAAAAAAAAAAAAAAAAAAAAAAAAAAAAAAAAAAAAAAAAAAAAAAAAABQQAFABAAAAUEAAAAAAAAAAAAAAAAAAAAAAAAAAAAAAAAAAAAAAAAAAAAAAAAAAAAAAAAAAAAAAAAAAAAAAAAAAAAAAAAAAAAAAAAAAAAAAAAAAAAAAAAAAAAAAAAAAAAAAAAAAAAABQAQAAAAAAFABAAAAAAAAAUEAAAAAAAAAAAAAAAAAAAAAAAAAAAAAAAAAAAAAAAAAAAAAAAAAAAAAAAAAAAAAAAAAAAAAAAAAAAAAAAAAAAAAAAAAAAAAAAAAAAAABQAAQAAAAAAFBAAAAAAAAAAAAAAAAAAAAAAAAAAAAAAAAAAAAAAAAAAAAAAAAAAAAAAAAAAAAAAAAAAAAAAAAAAAAAAAAAAAAAAAAAAAAAAAAAAAAAAAAAAAAAAAAAAAAAAAAAAAAAAAAAAAAAAAAAAAAAAAAAAAAAAAAAAAAAAAAAAAAAAAAAAAAAAAAAAAAAAAAAAAAAAAAAAAAAAAAAAAAAAAAAAAAAAAAAAAAAAAAAAAAAAAAAAAAUEAAAAAAAAAAAAAAAAAAAAAAAAAAAAAAAAAAAAAAAAAAAAAAAAAAAAAAAAAAAAAAAAAAAAAAAAAAAAAAAAAAAAAAAAAAAAAAAAAAAAAAAAAAAAAAAAAAAAAAAAAABQQAAAAAAAAAAAAAAAAAAAAAAAAAAAAAAAAAAAAAAAAAAAAAAAAAAAAAAAAAAAAAAAAAAAAAAAAAAAAAAAAAAAAAAAAAAAAAAAAAAAAAAAAAAAAAAAAAAAAAAAAAAAAAAAAAAAAAAAAAAAAAFABAAAAAAAAAAAAAAAAAAAAAUEAAAAAAAAAAAAAAAAAAAAAAAAAAAAAAAAAAAAAAAAAAAAAAAAAAAAAAAAAAAAAAAAAAAAAAAAAAAAAAAAAAAAAAAAAAAAAAAAAAAAAAAAAAAAAAAAAAAAAAAAAAAAAAAAAAAAAAAAAAAAAAAAAAAAAAAAAAAAAAAAAAAAAAAAAAAAAAAAAAAAAAAAAAAAAAAAAAAAAAAAAAAAAAAAAAAAAAAAAAAAAAAAAAAAAAAAAAAAAAAAAAAAAAAAAAAAAAAAAAAAAAAAAAAAAAAAAAAAAAAAAAAAAAAAAAAAAAAAAAAAAAAAAAAAAAAAAAAAAAAAAAAAAAAAAAAAAAAAAAAAAAAAAAAAAAAAAAAAAAAAAAAAAAAAAAAAAAAAAAAAAAAAAAAAAAAAAAAAAAAAAAAAAAAAAAAAAAAAAAAAAAAAAAAAAAAAAAAAAAAAAAAAAAAAAAAAAAAAAAAAAAAAAAAAAAAAAAAAAAAAAAAAAAAAAAAAAAAAAAAAAAAAAAAAAAAAAAAAAAAAAAAAAAAAAAAAAAAAAAAAAAAAAAAAAAAAAAAAAAAAAAAAAAAAAAAAAAAAAAAAAAAAAAAAAAAAAAAAAAAAAAAAAAAAAAAAAAAAAAAAAAAAAAAAAAAAAAAAAAAAAAAAAAAAAAAAAAAAAAAAAAAAAAAAAAAAAAAAAAAAAAAAAAAAAAAAAAAAAAAAAAAAAAAAAAAAAAAAAAAAAAAAAAAAAAAAAAAAAAAAAAAAAAAAAAAAAAAAAAAAAAAAAAAAAAAAAAAAAAAAAAAAAAAAAAAAAAAAAAAAAAAAAAAAAAAAAAAAAAAAAAAAAAAAAAAAAAAAAAAAAAAAAAAAAAAAAAAABQQAAAAAAAAAAAAAAAAAAAAAAAAAAAAAAAAAAAAAAAAAAAAAAAAAAAAAAAAAAAAAAAAAAAAAAAAAAAAAAAAAAAAAAAAAAAAAAAAAAAAAAAAAAAAAAAAAAAAAAAAAAAAAAAAAAAAAAAAAAAAAAAAAAAAAAAAAAAAAAAAAAAAAAAAAAAAAAAAAAAAAAAAAAAAAAAAAAAAAAAAAAAAAAAAAAAAAAAAAAAAAAAAAAAAAAAAAAAAAAAAAAAAAAAAAAAAAAAAAAAAAAAAAAAAAAAAAAAAAAAAAAAAAAAAAAAAAAAAAAAAAAAAAAAAAAAAAAAAAAAAAAAAAAAAAAAAAAAAAAAAAAAAAAAAAAAAAAAAAAAAAAAAAAAAAAAAAAAAAAAAAAAAAAAAAAAAAAAAAAAAAAAAAAAAAAAAAAAAAAAAAAAAAAAAAAAAAAAAAAAAAAAAAAAAAAAAAAAAAAAAAAAAAAAAAAAAAAAAAAAAAAAAAAAAAAAAAAAAAAAAAAAAAAAAAAAAAAAAAAAAAAAAAAAAAAAAAAAAAAAAAAAAAAAAAAAAAAAAAAAAAAAAAAAAAAAAAAAAAAAAAAAAAAAAAAAAAAAAAAAAAAAAAAAAAAAAAAAAAAAAAAAAAAAAAAAAAAAAAAAAAAAAAAAAAAAAAAAAAAAAAAAAAAAAAAAAAAAAAAAAAAAAAAAAAAAAAAAAAAAAAAAAAAAAAAAAAAAAAAAAAAAAAAAAAAAAAAAAAAAAAAAAAAAAAAAAAFBAAAAAAAAAAAAAAAAAAAAAAAAAAAAAAAAAAAAAAAAAAAAAAAAAAAAAAAAAAAAAAAAAAAAAAAAAAAAAAAAAAAAAAAAAAAAAAAAAAAAAAAAAAAAAAAAAAAAAAAAAAUAEAB//2Q==)	2026-06-30 05:59:05.444182-07	2026-06-30 05:59:05.444182-07
79490d60-9c1e-4694-8154-1b43379d1b52	8ae07fa0-8e99-4fde-9537-23f2d037f856	803ade7c-d50f-4be2-9e37-99cd2f11e076	Hi friends	2026-07-01 05:30:04.620982-07	2026-07-01 05:30:04.620982-07
56cca93c-1dd5-40dd-82e7-52fe060aa541	8ae07fa0-8e99-4fde-9537-23f2d037f856	7db2e4b8-719d-4f8a-804f-382ab5bf6827	Hi	2026-07-01 05:30:14.450126-07	2026-07-01 05:30:14.450126-07
73334b6a-1be9-4091-a435-e16519760aa6	8ae07fa0-8e99-4fde-9537-23f2d037f856	7db2e4b8-719d-4f8a-804f-382ab5bf6827	🐜 ![img](data:image/jpeg;base64,/9j/4AAQSkZJRgABAQAAAQABAAD/2wBDAAYEBQYFBAYGBQYHBwYIChAKCgkJChQODwwQFxQYGBcUFhYaHSUfGhsjHBYWICwgIyYnKSopGR8tMC0oMCUoKSj/2wBDAQcHBwoIChMKChMoGhYaKCgoKCgoKCgoKCgoKCgoKCgoKCgoKCgoKCgoKCgoKCgoKCgoKCgoKCgoKCgoKCgoKCj/wAARCADsAsUDASIAAhEBAxEB/8QAHAAAAwADAQEBAAAAAAAAAAAAAAECAwQGBQcI/8QAUhAAAgEBBgQDAwcIBQgJBQEAAAERAgMEBSExQQYSUWFxgZEiobEHEzJScsHRFBZCYoOT4fAjM8LS4hUXJDRFRlNzNUNVY4KElKSyJSZEVFbx/8QAGQEBAQEBAQEAAAAAAAAAAAAAAAECAwQF/8QAKhEBAAIBAwQBAwQDAQAAAAAAAAERAgMSMRMhQVEEIkLwFDJSoSNh8ZH/2gAMAwEAAhEDEQA/APoUtaQPmb6ehCSKT6M2yeYqn1+AZzqvUTqjWpAJumc2VS1sJVeLY+Z90EORNxugdQm1umFJ1rqh0udCVTR9RehdOWiSCHHcG0gbYvGApNruCjowba0CX3AfkAnpmDcbgDbWwuZzp7wnuJMJYddS/QkStKnrQ0XPYTb6AHN1yCV0E2DgoPcEh5IMmQPLqJzICYsUgIAosnzFLCQHISTISwKFAmxcwgMBcwN+IsPykJJb7BIFT3CWTM7gyFKkJJkJFiuYUinPUJUi1OQ5kKULIFK5kE9xBkEOULmQPxZFcdWBkdSBPojSvF6VjS4Uv+dzk8c4uv1yrdN2utg31tKm/gbw08s+Dh3XoETufL7vxzjddtTTVdbjUqnEJ1L3yfScOqvNtdqK71ZUWdo1mqKpRc8MsOVhnhLVjldSa7vRW/aopb8C6bJU/RUHO0GQQXykxDybFg01CG+g0urYNT1Lap5c86gaS3bKhfyhNC0QqXOT9Soa1hjSXWQhN7egA+ws3oOFMy5Btd2BKXcfiw8JKzjPLzIJf2hSgq7tAl4CwLwSHPdCqdXYKU288wKz6oWpbqhZQY265ygBVT5BS+3uBut6sql9cxYGmJt7odTXYxzL1LIbz2LVK3ZPgxZvWSUUtwt/cTCe/uBU92Uku4sY3lo/cNS+g2p7AlC1QFLIJ6wTL7A6nGwDeusC01lktTq/QPMQKhATm9wKrP5CfZImWC9QilPRDy7E0z0RefYKTiOhDoVWrfkym/MSnuRBTZqnRvzZSb7AgbyyCm13FEbk67spMB+YnP8AKBtimNQCerQ011QpCV2Aqf1kS2l0FPcQoOZ6ChSG+w1HiVBl3BsJ7AAvMT8UULLoSwtQQwbFhQLccyKSgfmMXqJ+YDJkeo4JwJzCYHAQBMhLK5RcpFTzZkuvvBk5KXqkzVvuF3C+08t7u1Fqu7a+BYVldrSv0kLnT0a9Tya+D8BrX/R6Xha1/ia1fAuCVPKxtqPs2rNxGPmUdAqu69Rcy6o5x8AYM/0r2vC1X4Ev5PcIel4v68LVfgXbh7HTz3FzLdo5lfJ7hWn5XiL/AGy/AX+bvB97e/tr/vV+A24e0dQmuolUupzlPyf4Ql/XX396vwK/MDBn/wBbffH53+A24e1dEmpHK+sjnP8AN7g3/Fvr/bL8Cl8n2Bp513x/tv4Dbh7HRKpdUPmS1aXmc/8A5v8AAoyV7/fGOv5PMEetd8S/5q/AbcPY6Lnof6dL8xzS1k0ctV8nGB1f9dfV+0X4E/5tsHn2bxfl+0X4FjHD2jqXTTVq6WeNxHhNnfLhavkpddKlOMzzf82+FNz+V3794vwMn5lXS52dTscRxGhRtbQvgdNPbE9smofOrWx+brqiE6XtrkfWuCL/APlmC0KutVV2fsvqfNMXw9XS9Vqi2ta0nrU5bOp+Ta2rpvNtY83sOmTt8jH6bZxnvT6E2ntI8n0Hy5Jup+g3CWbnyPArHUu5MJrNvxLbnqvIhhAuTq35g+XoJJroVnt8ArHVS28qo8pGk1umVn1jyIqnaqPIIcPuKKtmvMlKretR4FJrr7gFD3qRWUDU9QaAUt6KCXS5l1pD0eZS8hAhZaOfIeT3HU2uhObATSKpSgWfYaneBYTUboF6jab6Ew0+oFPISbBsVLbYDh7wJwt0VDJfN1EBc0bhm9wU9R59mA0+rBt7MmX2Gm42FBZ6+16CzgTbfRjS3lCA1C1YnUur8htvsCpeuQBFL6kvLRlxC3IqT6L1AaX6wCXdr1AFNiICUDq7MNQobUi5oKilIIU6FEupeIcy6D9noELZEtAnPQGpHp0B1LoLVjbfVjXmNtbgo2CCBwugp7Bm9Ui0oq5dyaXSNpdEJa6E7ovmRDaZUZEuOoE8qmXPqWkurElmPlAb8SSmsjHU6toApAzHNc+0qWvEtOegsEDgJFIsMQm0EqcgDzB+A/EQsLxHkACwhiY1ki2GgEwkgfiGXcUoJBSpCSQRBSgb7ErQU56wVaFTrj2dTzb+sYydxrukdLSmqfWT03UJVLrBYmhy9tfOJLDO2uNhbU7qyVTb9GYaL7iFpaKqrAL26+qvFVK952M5akuruanKPQ1cNvF5tLJflNyd3fR2qr95u8zjNJEKpBKMDJzDMUoaagIyIcLeTFzd2yXUpFC7W05V7FFdXojycRov95odNhZ00Tu6kenzLqVzrxNY5bZuFt88vvCWKW9q64obbn6Z0PCuA2uGKq0vDStalEU5nR8/Zi5szpn8jLOKlIimSXCljTpjcxKruDq7s4FsrjaSZ7Ec3iHqUtfN3gTn6zJ5uuQcyelS+JA85zY4UZsjPrIOQKfaBT3JzT2HrugB9w5vAHT1glpToihtN5pIdLemQJuA3zAcTq0DhfpCeWiJctiJFOpdUSqqd4B9FDFD3SApOl6NA+0C5esLwB090QDfWBzKyFpoh0tlCU7g+yXqU9NSPogJy9Z9CkhKpt5QNy1sCjemqQs/rImHOUFKeiIpOqNwT6spp9ET7XYqQeUae8F9n3i7ilBaN9xLwQn4gk9gsKlgJKrogFDPMiglKXoyoW5WTlLZCda7CykTggaqp6IpVSQuyGm10QFNrqS47g2+opfUFqhdGOUtiPa6i9rqhYy83YltvoTm3mxwlqygfigT7g4kF5AN1dyW52Kz7C80SiiT7wHN3D0YFDze49COZg2+jAKnsAm89BpkKAMMgCgQPxEA2EiCSFG2KZ3QmyWylMkhJEiql7iylygdSWrMJLqgcjPzoObszTt73YWFDqtq6aKVu3Bz2I8b4XdJVFVpb1L/AIa+9m8dLLPiCe3Lq+bMfMp1Pm9p8oVva18t0wyqvpNcv0SNu7cRcT3qr/R8BlPepOlerg6T8bOO8pdu9TW7HK8TkLO/8X1a4Fd0v+fQv7RtWV54pq+nhN1o8bdfiY6cx5W3SznuEo8u6VYzW1+V3O7Wa602zf3Hp0UVx7SSfZnOYoPm7hJTpMdaS3BZz4hzdzysTxa74fZuq2dTfRKWcrfOMLzbV/NXCwVLbhOrNvyOmOlll3Hfz1B1RucZcsK4ixFq0vV8ru1m8/pNP0X3npvgy7WtK/Kb/f66t387HxTE4YxzI6B1rdpEuql6NM5/8xMHj23ebTvVa/gJ8CYJorG0n/nVT8Rtw9jopXX3mSl9zlnwJhL+hXerOPq2zLXB1nZUxd8XxSx6ct4gbcPaw6b2u5M9Z9TiMUwfiHDrN2mGY5ebeF9C0ip+85enjniG4WzovVdnbNPOm1slS1HhB0x+NOcXjNpM1y+wp9PiVL6s4TBPlFuN5VNGKWdV1tN6qfap/FHaXK+3S/2KtblebK3s3vRVPqcc9PLD90HPDPsJTsyuUOV7GEKeoTnkqRw/AIZVDnePInwkti10BaOVz9LyKpld/IFTV1RSnqvIFk02JUtTnkVm9yXULQ5a/ElurZoXM+jGn4gKKnrCHD7BmKEFJp7wCz3gGp2CmmAGlG4eDQNxtJKrc6BFuN5Yk89BZxuRzRVkmFplzkTbKocrMm0XaQiYnaSlyrYhMblhTbW0Ap2I5XuUklswBqrqyYbej9S3OyIc7go0lvIZLSl+olHgNxtmFKX0HDFD6DzWoBLAXmAGZQOFuiEmUl1DJ+ytkKQjMUSLBPVjldRKlAvBAo8uoPrkEktrcLRyhpJ7EJdEWp7Ao26UTzKRupRm0Q67P61IRaaY8jGmnoxwCl8y6SJtdIJ02Y5ItCUDfYMuocyKUSfYeYp6Qh8z7AHmJ+KE3noHkyKIfUYbBIAKQeYtwGD8BMIAGKAgUeIDyExDgqd0VZmKtOGbEByzoIkh8x45rt1e6aK1X81tOhi4Gw6436//AOmWdNfKpVNTyb8D6Hi2DWGKXd2V4ns1qjh7zwJidzvKt8KvVnW6HNMvlq/D3nsx1InGrpJjvb6LdrpdrvZqm72FlZ09KaYNqmldEcdcb9xVc7JUXrCrK8KlRzUW1Kb97+Bs/nBiqXt8P3qf1a0/uPPlhlPlXVNtboUy9UcuuIMRf+79986/4FU49ir+jw/efO0S+4z08h0rpXj5i5c9Pec/Ti2OV/RwFr7V6oX3GOq+8R11ezhdhZLrXbKr4DpyOjqXVGOvkpU1QkePRZ47a0/0lvc7D7FDqa9cjFb4Lf7yot8VqaeqVll8SxjEcyW5jiq9U3m91U2LddKy7GfgXDbf/KKvFrYtWSn2slmdJceGbpY1qu2qrt6v19PQ9yzoos6FTQlTStElEHTLVitsJHNs0qc3qJtQRPRsEurZwlT319QnughCc7IiUVVaX6UGN21O9ovNpGWOsEV2NnVrRS/GlMsLTy8UxO5XOxqtLxa0cq6Zv0PjHFd+ul9xKu1ulDoofaJ7wfX8Xwqu3T+Yw7DrWf8AiZP4HEYhwfidrauqzwm70/YtqY9JPofCnDHvMpnPaofO6JVTepv4bfrzc7dWt2ta7KtZqqiqGdBb8GY7S2qcNXlXS/vMdlwNj9daTuHIvrOulJe89+WpozFTMOUX4fReCOKHi1j8xfEleKEva05+51/NO/uPn3CHBl7wu9U3m92qdS0po2O+oTVKTk+Hqxjv+jh38LiXqKEthNhqjDIbMVpXaL6FmqvODIxOeoEUcz+lTD8TIlGrJlxqgkQHVplBMPoNw1nAJeAChwJSsiqnln8BIFjlfUnlh6opticvYBzkS0+4Q+g4fb1IpRGqfqT7i46wNQgcBNJGOrNmR1LoY3m5hlLVSu7CpPqFK7MpqNmQtCp6wDaWyG32E24+iAc3RIab1UepKVU6Fx1pKpOp7QS+Z6svJLZETLySIBUp6lcq2pSBUuNEDT6wBOj1Bx3Y46tsObsUQBkVTa0AWHM7saa6sMtghvSAybze4mn1CH1gGvAWtDLdh4EtIpZLIFCPAHC3HEia7gTzFJrqJZDIUcp9CWl0Q/QTRbOwXL0943UiVSp0RULoiCUm3uZOUmE+gLTMBVJ9hJJPYbUhAU8tkEJhImwB5dAXiS4kI6ZAUxAJgDAWwZgOQnuIAGIA0ABiD1KGAl4AQVIpYAAuZi5gZp3/AA2zv1i7O0tbazVX6VnXytFiEbfztNOrXqYLfFLnd1/pF7u9l9u0VPxOTvfyfXa0fNYYpfKKnn/SRWvuPPtfk+vdOVjiNhaL/vLHl96k9GOnpz9yXLs6uIcIX+1Lm32tqX95VGOYbXlRiF2fha0/icRY8DYjQ/bowq1+3859yRVfA98qc/kmDLtz3hL/AORelp/yLd3Rf7tX/V3myq8LRMz02kvJ0tdmfOKuAcQqqmmywmhdFXbR72U+AMRqS5LTD7F7uz+cfxkvQ0v5pc+n0lNxrBgvPznI/mq0qoy6HB2HAuOWdXsYvTZr9S0rTPSs+DsUy5+I74n2db/tGZ0tOJ/csT/pzfFGKcTXW3atbWq72UvldjVqvieDY8SY7Z2ii/3mpzvW2jvL/wAC4jb0L/6zVeWtFeKXHrLNK7cJ45htqrSwscPvTWaVX8YPVGWlGNRVpN29zg/E8cvtgqr/AHSbKMrVwnV5HW0ttfRh+Jxzx7HMMonEMJs3Zreyrhfeb+F8X3G+V02dpZV2No9qs1J4c9PK7puZdHUn0SI+bb3LorprpVVENFN9kckY1S1ux5jbfYTnsAaaj5mLPoh69AdxLFLDTcXN3YSj9qdgz3Yk2OerAJE+45DybASGLy9QS7BTYm30HpsTn0KHD3QnVGUChvdDVOeegQk23oyvIXKurHkAn3gUTshuGCQCdK6sFC7jcdGJCIU210FPYefQT7SAcz6DbfYlJlvwIMbp/WSJznUyN56Ni5l9X3AFK3+8H5DVUa0tClPSSqM+iCHOi9QjsJvokEVyt6QHI+qJTqeyKSe4oDy6Mlz0G46Akt/gFEgOeikCIJjYPa6QKmqB807FJEN6sHShSDfd+pCzSjuVPgY4nqOOshTq7wLzFl39ATXgVDzHyz1FntIS2BXKluLmSWSJ8SXAKZFnsP0Maa6jlTqRVupdSW0KV0CW1oAeo011ZMMaTAeXUajpIsiX2kDI4JbJSfUcd2EGQ8hQAUZBlOYhAVKBkhmUUEdyZHJAwFISAwExJgUIJABSzFa21FnS6q3CW8GaH2CO5Rz9pxdgllaOztL7Sq04fsVP7hrjDAmsr/R+7r/A9e1ud3tnNtYWVb61UJkLDLgn/qV2X7Kk3GzylPLfF+Br/aFP7uv8BLjDA/8AtBL9lX+B6zw+4aO53b91SJ3G4RH5Fdv3VJfoKeU+M8CT/wCkF+6r/APz2wNf/nT+yr/A9P8AybcKn/qF0fjY0/gZrO43KhezdLvSu1mkPo9SPFq43wRL/W6n4WNf4Gva8fYNRpaXiv7Ni/vOnpsbvRnTY2a8KUXz2dK+jQkX6PUndyVn8oWF1uKLC/1vtYr8Tbs+NLva/wBVhuKVT0u6/E993iwWvza80XZ2tnWv6N0PwZJnDxBbyqL0sWsnQ7C+WFL/AOJY8orpw1dLC1VqnXVXM+1B7Sq8Bp9WY3T4Cs6fm6UqdEU24yROb2HD8fMzyBtkurl1aXuNbEbC821hVTdrZWVbWT/icDfMHxuxvDrvV0rxCx1apts34HTHCMvKu9tr/dLH+uvNhR9q0SNS24hwmxpdVeI3SF9W0VT9xx1ni2A3JKnFeHbzdHvVa3fmXqz07niHBF8qSoow+mrpa2Co+Kg1sxjmxsXrjzA7H6N5dq19Sj8TVo+UbCa3FNje335F+J712wXh23pVd3uGG2tOzpsqGelYXG6XdRd7vYWdPSihIv8Aj9Snd5Fy4mw290KpW/zU7Wi5f4G/Z4lcLR+xfbtU+nzqk2q7Oyaiqzs2u6TPNvt2wZJu92GH097Sihe8zUTxA9Ki0orU0V0NdU5L2yZwmLWXCtFLqpru9FecfMWjXpyuDjL1jN9u14awi/Xz5tP2aaq216M7YfFnOLiaTLKIfbXPViUrRVM4DhXGOJ7za0K83d2tg9aq6OX3n0Gz53QnWofbM4amnOnNSvarENrR+YRHUpytWLUwEo7g46II8Q5WAhx4hpq0PKNGEGmzJbG9RRnoCxmIpQDU9QFL2Qe0NIG9oAiXOrKS61A1O7Xc17SxtHUnTerSldIp/ALbPU9k2xU92wommn2qnUDcvKkB+U+I14IUtLNAnOyFBwuiFA4fRg5joRT21BKehKl6NlR3CUenT0FKnOBOpLV5k83ZlKXzJfV9AI5l9VgLAkOO4k+40u4UmlOoQ+4ON5FK+sA811HzZbildQRATkLXqNpCaKGvFlJeL8yEoK5nGQDa7MlrsDfiTmwHD6e4aT6Ch6yxxOrbAcdhZdB8vgJ+QCeYkl1Hl1Q5UakAlT1H7MCYs+wA4BRshb6j03LQGEhINruQAtwAocCjyDzAAgADcWlAAkAUACQBQAExt9AUPMTFVU1rC8Watpf7vZ1ctd4sKX3tEgNvMKrN1ZS0alnf7tV9G9Xd+FombNNtRV9G0ofhUWpIebiuDWl+pizxG+3V9bGuPuPCfB1+by4kxPzrf4nYOql6NMTr6VI3GWWPA4+rgvEal7PE2IUvu2/7Riq4ExWuf/uq+NdHTV/fO0VTnOtGWmpRnVT6mutnBT5xefk5xWuWseqtX+vzL72aL+TPFZ/1+7VeNdf4H1bmW7XqLnT0lmo+TqQj5pY8G37DqZtcNumI/Ztqk/iirPEbnhNqne+Gbxdmn9Lnqa8pPpXOt02K0qoqpdNdEp6yzXX3ds4K9Oewri3B7yqaKa6rCr6tpkdDYXixt6ZsbWitdqkzmcZ4awe9UVV/MWdnafWptGo+44S0ovGC31q5XrnpTy5apHRxzi8S5h9m5erB0rr6HgcMX29Xy501XqmpVdWok9+IPLONTTSIrnJqPApN7pFPTWPIjlzzZAVe0ohGnbYXcreqbe5Xat/rWVLfwN1NIHV0LEyPKr4dwmtf6hYr7C5fgR+bWFbWNovC2rX3nsqQc9Ua35JTxauGMKq1sLR+NtW/vI/NTBpl3NPxrqf3nua7hktcx1MvZTx7PhvB6Hlh13fjTPxN+7YfcbrH5PdLCy+zQkbM9vMI7pF6mU+UpXMlpCJqqW7gWU6g47ehhaP2e7Fz9Exa7v0Gl3ZCidTf6LFS3OagtzBjbU7gpk8hbwJcu4SWCYP3kuZ2Kqqy2ISUyEXT3FU+jHNP8sTjqFpjqrdKzaZNNdbeVLgvkpbMlMJZEEQ3qmNULqNuqcogdLq3+AQmoWWQk3OrG9Q0WiKo5xqXuRkxptaAD5m9MhZTnA3XVunHYh6zytilZOdJ6BzJ9CM9qUUqX4eCAKqehOmy95bhLNtvuQ6k8oaAaa+ogE4AAGnARO6FEaMBtktTqOG9whrdAJJIcUg1K+kiWu4FwYqqZ3fqVDe4OnsghUUtdfUt9yXPgKcwWvUUpPX3CzD2uqXkKBKLTI9repeg8+oU233JbbeY4kI7BCQ/MXkV4IKQZ7sM+gnVGsoJZx4hMEfOUtxLnwKpz6APUIAMgoDcGAAHqHgAAAg9Aln6AKQnxFFmApAUWYCEwWdXK17UM0rxhmH3mqbxcbra1da7Klv4G4EpawImS3lWvDeD2yirDrql+pZql+41XwXgNX0rn6Wta+8951dCLS05KXU9EbjPLxI8Grgrh/a51Lwt7T+8Y/zIwScrC1XhbV/iaONcbWdytqrG73aq0tFlNThDuWI8S4pYK2ullhllZ1afOVVt+461qVcydm6+CMJ/QqvdH2bZk/mNhn/7F/8AK2/gFNz4qr+niWH2X2LB1fEyLC+IqvpcQ0Uv9W5Ux8ReXnJE0cE3GhzZ3zEqX2tv4GxRwvYUKFfsSa725hqwfH3rxM/K5UfiYqsH4hWnEj/9FR+IuZ+4b64aujXtXi+1eNvUWuFsLbmui2q8bar8Ty3hXEi+jxFS/G40/iL8i4os1Lx67NfrXRL7yxu8ZEPas+GcJo0uycfWqbNuywrDrBp2dzsE1o+RT6nz7FuLMYwV8trf8KvdS1pVFaq9yj3iwP5Rb9fbzRZW1xsalU4mz5k/eby0NXbu8JcXT6dQ6aVFNMIvnexrXG8/lNjTaOl0trRmyeNqYoTUwayzCWJtALJFUslVLqDb2gC3PQPcSlV2XgFS8SA3zkUpaUtimNRqpbJspRp9oGvAHO6gTqXUik29khrm3Quad1HQOZeIDqdWyEqW9X7xT2ZSXcJZPsJJJzVBknlRjqrbYLNNPQuKUtH6kUvv7ht+fkDuTfSV5i5W9ynms3HgJxGQBlTqw5l1JiXnU34D8FUUVzLqS6kxQtxzT0kFBPpA2l+kxNzpSEws0iEHFMSmQ6oyVTfoVzLow329CqSq3YOuVowqqcQvuJpXWZKLTyJqqz2CpVNZNL3kU0unVprwAyczSyghVVN6lcyeiXoLPq0LQ80s0S3Oxap7vzB5aakVE1dAGpfTzQANLLOBwuwqfH3ifvKMkIhtLdky5CayUisnq36A1T1Bc7WQnTU1mFDa6oJTJ5esBkiouJ2BJdkRDek+g4a6+4CvSSXSx+QeRFTS3uZFD1Jc9ECpe8eoFPITYRAs/IUDyHLCUhZdGEscweYm0tEw5nshQbYJ5CnsOV0YUCeg5QNhKTDHmvATfYcigSxikAgbFI8glAAdxMaABSMWmiAJzGtQUBIAS1nuN+IoW7AaSCqmmpQ9Bp09SLRKqmFU1O6KQ57HeErlilVVbtK7G1efNTmp7o8a7YBxDg7f+S79drexX/V2s0z8fidNeMHrvFbdWJX2ml/o0Vqle5Sa9fDGH2lMXiu+W3271af3jtjq9qmR51nxBj10o/0/AK61TrVd7WmqfCnNir+ULD7HK9XHELCpaqqySj3m2+CeH637V0rb73i0f9oPzE4ceuHt/t6/7x0jLQ8wd/DRq+UbCalNlTat9K/Z/E1L1x+nQ3drO4p7fOXh/DlPaXAnDf8A2av31f4lrgbhv/s6n97X+JYz+PHiSpfP8R48xi1bpsLzcbJP/hS/e0edZPF8bc3jHLtTS3mrS9ci9D6vZ8GcO2edOG2L+06qvizao4bwKzfsYTcl3+ZpZ0/U6WMfRilT5cdgPyfXO0s6bW/X38pqef8ARVJ0+up22H4Dh1wpSsLClNbtZm1drldLtldrtZWX2KEjZVTX8o8uevnnzLVQKKaKVFNMFT0WRLrewlU3rJxF6LUh1fzA58RT3foFCqff0GnVOQp7gvFEFudycujkb8vUhtJ7gpTU7QSnANztPmCp6gHNLzKWayTBNJbMXM9OUocdxcs9PQWU5rMIb2SIgdSWWXoSqpZfIt5FypZpAPJLcnOcqWNz0aJht6v1KLXM9gaSzbgdNPiya/50AOenqxOOqEo+r6lNpLJUyAqXGzY6q+zSClc36UeUlxGjqkUMTU55tEtqYlsuqlt5tjWXfzEDGtd4Kz2zKbXRerCMllIGN/OTkqEhqeiMjVO4uVbZeIhU57sucoVOfViSjcJnRuSgcxnC8CaogqG/4sTXZEErXR+g5U6FT4QGb1RQuYTqnQw29ysLeHbWNNcaSjJZXezsqYsqOVdiB00TsgHyrv5sC2lIWWxSU7wNU9WHKurFiGpfXzGkuyCqFoyZW8sDJ5k1KevqC5PqthzdKRRZcg/ap0gakpwlqQpKb6jzHKXcl1Psiqa8RPJ6kuqNROtSKS1pqdRtmNVKdfcWvMKfkLLsN+BL8CB5T/AfNTEEyujKXgEJxsgSkbhIl1dEkUNpdBLl8CW3OoJSBeXUI7k8vgNAAw8wQUmvEPMY9gUmBQpKE0RKGXQJ6DgMgCZQgYIJZpiCA3IE30H4gTIDy6CYeISAnVBjrtKUvaeRkeZjtbGm0UPc1ELDnMa4wuWF1Oimiq3tVly0uPeaFy4g4mxdurDsMullYbV3it5+hh4n4Mtr1aO3w60oVrry15SeFTxNxHww6LviN0sbSwp0mE47On70e7HSjLG8IuWZnv3dn83xfUvavGDWb/Vs7Sr7xO68XPTFMNp8LuzTw35QsFvNmne7ZXW03pqTfvRtW/HvD9ipV9+c7WdLZz26kTW1bj2Krrxivo4nhlXjYNAvzxsk3XecIr/8FZ5tv8p+D0yrOwvtb29mlL4nk375UKalUrph9Sb0qtLT7kjUaWrP2pEw9K/8V8Q4XaRfLrc7Wjeqyorj1k9jhri9YvVyW12qsq+2h8hxriTEsVrbtreumj6lMJGXhjHLbCr5RXy1WlE+17EvyPTqfFxnC67sxl9T9CU101KUy1/OxxVz48w92KdV1xFuNrs/uZtU8d3FfRw/FKvC6v8AE+d0M/TpcOsa7v1Jfb3nLfn1d6l/R4RjNX2bpP3ifGfMssAx+pdVdP4jo5+k3OoznVDSfVHK/nfV/wDz2Pv/AMo/xD88LSPZ4dx5+N1/iOjl6LdS0+w1MZtLuclVxhetuGsbfjd4E+L79twxi/nZCNDMuHXaaVDWWsnHPi7E3lTwxib8aY+4VPFGM1acLX3ztI+4vQzN0O05lOSzE9NfeccuI8bf+619/er8Cvzkxpf7q3397T+A6GSbnWOpTDkadM6HH1cRY/U8uFb7H/PpX3CfEeO0ZvhK9P8Ab0/gToZfkluyy6DVSXY4evi/GqFnwne1+2/wmjb/ACg4hY1ctrw5a0v9a3/wG4+NqT/1d0Po3OmtUTLn+J87s/lBxG1X9Fw3bVL9W2b+FAnxxidda+c4ZvjpW1NrW/7BJ+LqQbofR6X1b9QbWxzeA49b4hQnXgl+u328vjDOkobqpmqzrp8Y/E45YzjNSvIhPr5MXItc/UyLwE14kEwlv7xpPsNUih7r3BT0Rirl/pQjI8kKJe79QgpdMQ6pK5ls/eHKktRJJ75dxKjVZe5hCSmr4g6ae38+ZLpz6eQD9jp8QUN5JCUvJ0oqnLp6AOMtY8yaqcs80Nw9JE1lv6gSktmx007w/USz7eZSTWtWYDbaWhKc6jcLVz4EtZQmUKqnooAc1d35AApnZMUN7DdanJoaqf8AKCMbpaeg/a2Rcz1J5Z3q9QBJ7wUpXQKaEt36yPIAb8PQipvZsqV1DmQgSk+tQ+V9GNORvTcCIjZ+gnOykb8WOmOrAKU/DyLjLVgn394m5Wq9QpON2L2dkDp6QDT6r1CBFTkJLqxuOqCk0mEJDUPUpqnsQYm6Y3BeZbyewsm9ipRoQR0gUeAUZToG4hoBx1gHHUU9gYQaAJLzGAQJocsJYBDFA5YSSUECjsUgkCYFBUh8BQUZdCYLyYnBbGrerO82lMXe1ps31dMni3jhy83y05r3jd/5PqWNSs15wjpBeaXiyxnMcFuWq4EwStzeKLzb1bu0vFbfxLo4B4aX+z58ba0/E6V+Mkt1dPcb6+ceUqHhLgjhynTDbN+Ndb+8y0cH8PUf7MsH4ps9C83i8WNFVVldbS3a0ppqpTfqzmb3xdi1hauijhXEK4cSnKfmkzWOWrnxP9rUQ96z4ZwCjTCro/GyTLfDeBR/0Rcl+xpOWXGeOa/mhiHrV/cMVvx3i13o5rbhW+2dPWuupL/4G9mtPn+y4dcuHsEp0wq5L9hSbNjheG2D/objdrP7NmkfNLT5VLdOP8j0p/rXj/CTR8qd5euEWT8Lf/CJ0daeS8X1mlUUr2VSl2UFJo+UL5UrffBf/cf4Cl8qVp+lgr/9R/gJHxdafBuh9W9kMluz5SvlTrmFg3/uP8BtXX5R71ea1RZYGqqnovylKfWkv6PX9JvxfS3L0bgEu5wy4qxyr6PCt4f2bdP+yZaeJeIatOE71+/X905/p9SP+rcO18yXm92cY+JeIU4fCV6n/nr+6VTxHxBvwle1/wCYX4Do5/km6HYKnPQpZaI4u04ox6j6XCl98rZP+yTTxRjVf+6t+/er8B0M/wAk3Q7Zvv7wRxy4ix1rLhS+fvqV9xX5x46lnwnfP36/AdHP8kuHXz3gJ6ts4q14oxulOeEb94q0b/smFcYYzS8+EsQj7VX9wdDMuHeRS/0ZIqVKf9UvGDiPzzxtTHCGINfaq/uErjbGk/b4QvyS/Xq/uF6OoXDu08skkEzrn5HL4FxXb4jefmbzgeIXNx9KuzqdPrB1dDdSlUteKOWV4zUrSIaWUI0LxZ4jVVNhebtSujsm36yehVS52KVJnlGtdFeKaIvVpRXV1opaXxNh9sgahCcvqIENudW/BQUk9dBxnmPlXQStoqy3kVLb3+4KrKnm5pqn7bj0MilLKrMFoaW8t+I12UA02vpJ+QlluFU1PREOlrdP3FuesCh/WfkUTDiJS94UU/rMcAp+swG8lqvMSU7r0FUt4nxzBN9vgQKtKe/ZFUpPVr0Jz3RSz1bKKqSiE0Ry7z6sbSXfxFzPbIBZ7VUwBTnqgIMadOyfoOeiZbSWqJa7FRPN2Y029BQCbnKoKb5iVJcPdiaYCl9RSuo3S+rFD7BDXXITGl1ZfKugGKezGsynRS9TFXdaK9XUvCpoDIkt0NwtvcY7O7UUaVVPxqbMySWyAiQ8in4ChPoAvIevQORdvQfIu3oAofYmH2Laj/8AwXK2FTE7IapS2Q+RofK+oCQOBuli5WAhigI7gDQ4HAQwEkEQxpBmQKPAUDj1HElC5QgI6jSIlE0JoqH4BBSkPxDzLhyJoSUjzHK3krk7C5OxKSkOula1IxO82FLh2lE9OZSbDs01mk0eVifDmHYjP5Rd1zP9Kip0tehYiPK09BWtL+jn4FKpvRM4+04GtbBzhGN366OZipqtemQUYZxndKoscRw+92a0+eodLfovvOsacTxkjsqZ6IpZbHGVYhxnYVRXgl0vCX6VlapT6siribiGxcW/DFu3+paN/BMdDLxMf+lw7hPwHPdHF2XFWMVa8K35/wDif902VxNicZ8MYgn9pfgOjn+SXDq2qXqkw5LPXlp9xyNXE2Mz/R8K3xv9a1SXwKs8b4ktM6eFuVfrXulfcOjn+SbodbFnpFJhvFxud6UXm62Fqv17NVfE8OzxDiCqnPAbOh975S18ArtuJ63/AEdxw+yX69q6vhBI08onn+y4bF84XwG3/rMLu6f6q5PgeJf+AsGtPau9na3er/u65XvPRqufEl4UW14w+w72XO2Ya+GcUt1/SY3aKdVRS4+J6MM8sPvSanw4/E8LxHAKlXcMQvqop2qtKY/+X3HucG8TYvfb1+TXnltqV+ny5rxjI9aw4Iu7qVV9vV5vTWbTqaTOjuGHXa4WXzd1sKbOnsvvLra+GWNcyYxU23llQnVUpZLqWzRDa7+gcrez9DwtTJ1JPVkJJPJIrla1kELST53sNV1fyyX2TBUvo14ixTqqe4lVVOpDbEm0LktlVTgGyE8tEJvuhcismhNPuKYWqQOrv7iBLxgpLeSE886kvIrLuUOrJ6Ew9kPLsD8ACauxLnqGfQG/5gKJYvX4Bm/4IGtt/EqiV39Alxl+AnS+i9R57tIUljONVAOewQnoKIWeviFNtvKafeLzj4CWT0MigUlol7tfEE+kMKkpmPcCpfeADOdEhx3fkDpjWWNT3QCaT3qYewlsvEprrJKS6QFLLZryAaS8AFpReztIofXIJhaLzFzTsiKbaWqQ010QoBZAOXHTyCZ3B1Lf4C5qdkygYlV1gTae3vJnPRChl5vIab6tmNPwHnswHU3tqLmq6Dy6sTXdgHM+kBLBNLYcrcIFnqwj+ZE3S9pH5QAIIY0319AnxIpPImpzo2i/cJ+JUYlS5zqcFpJascKSllsFJeI2OewSQKBQNsUgPIJQQhgJNDECYDYAGUagLMYmCnwAYBISACAGAeg8uopkYB6BAmADRSZGYvakDJLCWyJ6gmy90ZU2gbMcsfNlqLkpcSNU0pZs167VU6pvwUiovFFbiWn3paINiE3lPoEeJjlPOWNOlaFGSez9Rc6n6PvFMoUdveQpXO3pT7xS/q0rzJ9PUaa3gCpS1gfOtvgTzrYTqezXoKKU3Ic0GJ1VbtME6pKkQzc3cnmpnVvzJmofK9XBKWlStkiXU5yXoGgLmTygFGpes+oZJ6ibq3bE13YKU2u5PN/MiaezYJdWCjpcbJeZTfYha6l7fSLAnmS1SQ9ei8xQ9U0Cb3qAIz1BxswlTnE+ocy6EVMN9B6dF5ibz+iOADmfYWX8oJjLIdObzgoTfT4jl9hvyJqfVIBxV/LGnGrJXoPTuA1VICy2pbFDfYgKs9MgWa6iSfVByuZbp9QKXT7xPLLMpRGaT8BVJPdrzAnPbmApJLeQKJcxqyc3oWqSK20m0wBJxmgcfVRKbnUoIOWnohqmnsJPIHU+oDdKJdK7BVM/SZVNM6tgFKSWgwWQNzqFTXVStakKmqh7z5mRaDVKAmKf5YctPiE9kUiBNRoiXpoXOQMolLshz4CGiAb8CX5laMIzYEhC6MY4XQBQDz6DaQtAGlkECGAegAACYsx1OBJ5FBI5FzMJYQ+bMJJkroFEoN9gGkpIAM+gAwENggeoAG2clQSylEtSgWaQpgB7gxJgQAeQMUgP0E6VO3oUtBPIA0GoDoJIopQJsQ05AUvsEvsORwBOexS9QQSKCc9EgUgs9QWpA2mGfUTYPIqHn2Ym30kUjgKctrNCz6yG6GtJIFqNKdmJ5IqO4C0CV69gXiDy3ZQsu/oHqJvOC1TlqwInMpR3FA6UQJ1ZZIh1N6jqqY6c3qyiU2N57+iHUoljSQCVK3qXqKpLZplVeCBUpoghd4KWWiQVUjSSKDPsD8GDQt2QS1LyyGqZ6FPLZCpU6gNRH8BVRsqn5F8qFUkBij9UC2BUf//ZAAAAAAAAAAAAAAAAAAAAAAAAAAAAAAAAAAAAAAAAAAAAAAAAAAAAAAAAAAAAAAAAAAAAAAAAAAAAAAAAAAAAAAAAAAAAAAAAAAAAAAAAAAAAAAAAAAAAAAAAAAAAAAAAAAAAAAAAAAAAAAAAAAAAAAAAAAAAAAAAAAAAAAAAAAAAAAAAAAAAAAAAAAAAAAAAAAAAAAAAAAAAAAAAAAAAAAAAAAAAAAAAAAAAAAAAAAAAAAAAAAAAAAAAAAAAAAAAAAAAAAAAAAAAAAAAAAAAAAAAAAAAAAAAAAAAAAAAAAAAAAAAAAAAAAAAAAAAAAAAAAAAAAAAAAAAAAAAAAAAAAAAAAAAAAAAAAAAAAAAAAAAAAAAAAAAAAAAAAAAAAAAAAAAAAAAAAAAAAAAAAAAAAAAAAAAAAAAAAAAAAAAAAAAAAAAAAAAAAAAAAAAAAAAAAAAAAAAAAAAAAAAAAAAAAAAAAAAAAAAAAAAAAAAAAAAAAAAAAAAAAAAAAAAAAAAAAAAAAAAAAAAAAAAAAAAAAAAAAAAAAAAAAAAAAAAAAAAAAAAAAAAAAAAAAAAAAAAAAAAAAAAAAAAAAAAAAAAAAAAAAAAAAAAAAAAAAAAAAAAAAAAAAAAAAAAAAAAAAAAAAAAAAAAAAAAAAAAAAAAAAAAAAAAAAAAAAAAAAAAAAAAAAAAAAAAAAAAAAAAAAAAAAAAAAAAAAAAAAAAAAAAAAAAAAAAAAAAAAAAAAAAAAAAAAAAAAAAAAAAAAAAAAAAAAAAAAAAAAAAAAAAAAAAAAAAAAAAAAAAAAAAAAAAAAAAAAAAAAAAAAAAAAAAAAAAAAAAAAAAAAAAAAAAAAAAAAAAAAAAAAAAAAAAAAAAAAAAAAAAAAAAAAAAAAAAAAAAAAAAAAAAAAAAAAAAAAAAAAAAAAAAAAAAAAAAAAAAAAAAAAAAAAAAAAAAAAAAAAAAAAAAAAAAAAAAAAAAAAAAAAAAAAAAAAAAAAAAAAAAAAAAAAAAAAAAAAAAAAAAAAAAAAAAAAAAAAAAAAAAAAAAAAAAAAAAAAAAAAAAAAAAAAAAAAAAAAAAAAAAAAAAAAAAAAAAAAAAAAAAAAAAAAAAAAAAAAAAAAAAAAAAAAAAAAAAAAAAAAAAAAAAAAAAAAAAAAAAAAAAAAAAAAAAAAAAAAAAAAAAAAAAAAAAAAAAAAAAAAAAAAAAAAAAAAAAAAAAAAAAAAAAAAAAAAAAAAAAAAAAAAAAAAAAAAAAAAAAAAAAAAAAAAAAAAAAAAAAAAAAAAAAAAAAAAAAAAAAAAAAAAAAAAAAAAAAAAAAAAAAAAAAAAAAAAAAAAAAAAAAAAAAAAAAAAAAAAAAAAAAAAAAAAAAAAAAAAAAAAAAAAAAAAAAAAAAAAAAAAAAAAAAAAAAAAAAAAAAAAAAAAAAAAAAAAAAAAAAAAAAAAAAAAAAAAAAAAAAAAAAAAAAAAAAAAAAAAAAAAAAAAAAAAAAAAAAAAAAAAAAAAAAAAAAAAAAAAAAAAAAAAAAAAAAAAAAAAAAAAAAAAAAAAAAAAAAAAAAAAAAAAAAAAAAAAAAAAAAAAAAAAAAAAAAAAAAAAAAAAAAAAAAAAAAAAAAAAAAAAAAAAAAAAAAAAAAAAAAAAAAAAAAAAAAAAAAAAAAAAAAAAAAAAAAAAAAAAAAAAAAAAAAAAAAAAAAAAAAAAAAAAAAAAAAAAAAAAAAAAAAAAAAAAAAAAAAAAAAAAAAAAAAAAAAAAAAAAAAAAAAAAAAAAAAAAAAAAAAAAAAAAAAAAAAAAAAAAAAAAAAAAAAAAAAAAAAAAAAAAAAAAAAAAAAAAAAAAAAAAAAAAAAAAAAAAAAAAAAAAAAAAAAAAAAAAAAAAAAAAAAAAAAAAAAAAAAAAAAAAAAAAAAAAAAAAAAAAAAAAAAAAAAAAAAAAAAAAAAAAAAAAAAAAAAAAAAAAAAAAAAAAAAAAAAAAAAAAAAAAAAAAAAAAAAAAAAAAAAAAAAAAAAAAAAAAAAAAAAAAAAAAAAAAAAAAAAAAAAAAAAAAAAAAAAAAAAAAAAAAAAAAAAAAAAAAAAAAAAAAAAAAAAAAAAAAAAAAAAAAAAAAAAAAAAAAAAAAAAAAAAAAAAAAAAAAAAAAAAAAAAAAAAAAAAAAAAAAAAAAAAAAAAAAAAAAAAAAAAAAAAAAAAAAAAAAAAAAAAAAAAAAAAAAAAAAAAAAAAAAAAAAAAAAAAAAAAAAAAAAAAAAAAAAAAAAAAAAAAAAAAAAAAAAAAAAAAAAAAAAAAAAAAAAAAAAAAAAAAAAAAAAAAAAAAAAAAAAAAAAAAAAAAAAAAAAAAAAAAAAAAAAAAAAAAAAAAAAAAAAAAAAAAAAAAAAAAAAAAAAAAAAAAAAAAAAAAAAAAAAAAAAAAAAAAAAAAAAAAAAAAAAAAAAAAAAAAAAAAAAAAAAAAAAAAAAAAAAAAAAAAAAAAAAAAAAAAAAAAAAAAAAAAAAAAAAAAAAAAAAAAAAAAAAAAAAAAAAAAAAAAAAAAAAAAAAAAAAAAAAAAAAAAAAAAAAAAAAAAAAAAAAAAAAAAAAAAAAAAAAAAAAAAAAAAAAAAAAAAAAAAAAAAAAAAAAAAAAAAAAAAAAAAAAAAAAAAAAAAAAAAAAAAAAAAAAAAAAAAAAAAAAAAAAAAAAAAAAAAAAAAAAAAAAAAAAAAAAAAAAAAAAAAAAAAAAAAAAAAAAAAAAAAAAAAAAAAAAAAAAAAAAAAAAAAAAAAAAAAAAAAAAAAAAAAAAAAAAAAAAAAAAAAAAAAAAAAAAAAAAAAAAAAAAAAAAAAAAAAAAAAAAAAAAAAAAAAAAAAAAAAAAAAAAAAAAAAAAAAAAAAAAAAAAAAAAAAAAAAAAAAAAAAAAAAAAAAAAAAAAAAAAAAAAAAAAAAAAAAAAAAAAAAAAAAAAAAAAAAAAAAAAAAAAAAAAAAAAAAAAAAAAAAAAAAAAAAAAAAAAAAAAAAAAAAAAAAAAAAAAAAAAAAAAAAAAAAAAAAAAAAAAAAAAAAAAAAAAAAAAAAAAAAAAAAAAAAAAAAAAAAAAAAAAAAAAAAAAAAAAAAAAAAAAAAAAAAAAAAAAAAAAAAAAAAAAAAAAAAAAAAAAAAAAAAAAAAAAAAAAAAAAAAAAAAAAAAAAAAAAAAAAAAAAAAAAAAAAAAAAAAAAAAAAAAAAAAAAAAAAAAAAAAAAAAAAAAAAAAAAAAAAAAAAAAAAAAAAAAAAAAAAAAAAAAAAAAAAAAAAAAAAAAAAAAAAAAAAAAAAAAAAAAAAAAAAAAAAAAAAAAAAAAAAAAAAAAAAAAAAAAAAAAAAAAAAAAAAAAAAAAAAAAAAAAAAAAAAAAAAAAAAAAAAAAAAAAAAAAAAAAAAAAAAAAAAAAAAAAAAAAAAAAAAAAAAAAAAAAAAAAAAAAAAAAAAAAAAAAAAAAAAAAAAAAAAAAAAAAAAAAAAAAAAAAAAAAAAAAAAAAAAAAAAAAAAAAAAAAAAAAAAAAAAAAAAAAAAAAAAAAAAAAAAAAAAAAAAAAAAAAAAAAAAAAAAAAAAAAAAAAAAAAAAAAAAAAAAAAAAAAAAAAAAAAAAAAAAAAAAAAAAAAAAAAAAAAAAAAAAAAAAAAAAAAAAAAAAAAAAAAAAAAAAAAAAAAAAAAAAAAAAAAAAAAAAAAAAAAAAAAAAAAAAAAAAAAAAAAAAAAAAAAAAAAAAAAAAAAAAAAAAAAAAAAAAAAAAAAAAAAAAAAAAAAAAAAAAAAAAAAAAAAAAAAAAAAAAAAAAAAAAAAAAAAAAAAAAAAAAAAAAAAAAAAAAAAAAAAAAAAAAAAAAAAAAAAAAAAAAAAAAAAAAAAAAAAAAAAAAAAAAAAAAAAAAAAAAAAAAAAAAAAAAAAAAAAAAAAAAAAAAAAAAAAAAAAAAAAAAAAAAAAAAAAAAAAAAAAAAAAAAAAAAAAAAAAAAAAAAAAAAAAAAAAAAAAAAAAAAAAAAAAAAAAAAAAAAAAAAAAAAAAAAAAAAAAAAAAAAAAAAAAAAAAAAAAAAAAAAAAAAAAAAAAAAAAAAAAAAAAAAAAAAAAAAAAAAAAAAAAAAAAAAAAAAAAAAAAAAAAAAAAAAAAAAAAAAAAAAAAAAAAAAAAAAAAAAAAAAAAAAAAAAAAAAAAAAAAAAAAAAAAAAAAAAAAAAAAAAAAAAAAAAAAAAAAAAAAAAAAAAAAAAAAAAAAAAAAAAAAAAAAAAAAAAAAAAAAAAAAAAAAAAAAAAAAAAAAAAAAAAAAAAAAAAAAAAAAAAAAAAAAAAAAAAAAAAAAAAAAAAAAAAAAAAAAAAAAAAAAAAAAAAAAAAAAAAAAAAAAAAAAAAAAAAAAAAAAAAAAAAAAAAAAAAAAAAAAAAAAAAAAAAAAAAAAAAAAAAAAAAAAAAAAAAAAAAAAAAAAAAAAAAAAAAAAAAAAAAAAAAAAAAAAAAAAAAAAAAAAAAAAAAAAAAAAAAAAAAAAAAAAAAAAAAAAAAAAAAAAAAAAAAAAAAAAAAAAAAAAAAAAAAAAAAAAAAAAAAAAAAAAAAAAAAAAAAAAAAAAAAAAAAAAAAAAAAAAAAAAAAAAAAAAAAAAAAAAAAAAAAAAAAAAAAAAAAAAAAAAAAAAAAAAAAAAAAAAAAAAAAAAAAAAAAAAAAAAAAAAAAAAAAAAAAAAAAAAAAAAAAAAAAAAAAAAAAAAAAAAAAAAAAAAAAAAAAAAAAAAAAAAAAAAAAAAAAAAAAAAAAAAAAAAAAAAAAAAAAAAAAAAAAAAAAAAAAAAAAAAAAAAAAAAAAAAAAAAAAAAAAAAAAAAAAAAAAAAAAAAAAAAAAAAAAAAAAAAAAAAAAAAAAAAAAAAAAAAAAAAAAAAAAAAAAAAAAAAAAAAAAAAAAAAAAAAAAAAAAAAAAAAAAAAAAAAAAAAAAAAAAAAAAAAAAAAAAAAAAAAAAAAAAAAAAAAAAAAAAAAAAAAAAAAAAAAAAAAAAAAAAAAAAAAAAAAAAAAAAAAAAAAAAAAAAAAAAAAAAAAAAAAAAAAAAAAAAAAAAAAAAAAAAAAAAAAAAAAAAAAAAAAAAAAAAAAAAAAAAAAAAAAAAAAAAAAAAAAAAAAAAAAAAAAAAAAAAAAAAAAAAAAAAAAAAAAAAAAAAAAAAAAAAAAAAAAAAAAAAAAAAAAAAAAAAAAAAAAAAAAAAAAAAAAAAAAAAAAAAAAAAAAAAAAAAAAAAAAAAAAAAAAAAAAAAAAAAAAAAAAAAAAAAAAAAAAAAAAAAAAAAAAAAAAAAAAAAAAAAAAAAAAAAAAAAAAAAAAAAAAAAAAAAAAAAAAAAAAAAAAAAAAAAAAAAAAAAAAAAAAAAAAAAAAAAAAAAAAAAAAAAAAAAAAAAAAAAAAAAAAAAAAAAAAAAAAAAAAAAAAAAAAAAAAAAAAAAAAAAAAAAAAAAAAAAAAAAAAAAAAAAAAAAAAAAAAAAAAAAAAAAAAAAAAAAAAAAAAAAAAAAAAAAAAAAAAAAAAAAAAAAAAAAAAAAAAAAAAAAAAAAAAAAAAAAAAAAAAAAAAAAAAAAAAAAAAAAAAAAAAAAAAAAAAAAAAAAAAAAAAAAAAAAAAAAAAAAAAAAAAAAAAAAAAAAAAAAAAAAAAAAAAAAAAAAAAAAAAAAAAAAAAAAAAAAAAAAAAAAAAAAAAAAAAAAAAAAAAAAAAAAAAAAAAAAAAAAAAAAAAAAAAAAAAAAAAAAAAAAAAAAAAAAAAAAAAAAAAAAAAAAAAAAAAAAAAAAAAAAAAAAAAAAAAAAAAAAAAAAAAAAAAAAAAAAAAAAAAAAAAAAAAAAAAAAAAAAAAAAAAAAAAAAAAAAAAAAAAAAAAAAAAAAAAAAAAAAAAAAAAAAAAAAAAAAAAAAAAAAAAAAAAAAAAAAAAAAAAAAAAAAAAAAAAAAAAAAAAAAAAAAAAAAAAAAAAAAAAAAAAAAAAAAAAAAAAAAAAAAAAAAAAAAAAAAAAAAAAAAAAAAAAAAAAAAAAAAAAAAAAAAAAAAAAAAAAAAAAAAAAAAAAAAAAAAAAAAAAAAAAAAAAAAAAAAAAAAAAAAAAAAAAAAAAAAAAAAAAAAAAAAAAAAAAAAAAAAAAAAAAAAAAAAAAAAAAAAAAAAAAAAAAAAAAAAAAAAAAAAAAAAAAAAAAAAAAAAAAAAAAAAAAAAAAAAAAAAAAAAAAAAAAAAAAAAAAAAAAAAAAAAAAAAAAAAAAAAAAAAAAAAAAAAAAAAAAAAAAAAAAAAAAAAAAAAAAAAAAAAAAAAAAAAAAAAAAAAAAAAAAAAAAAAAAAAAAAAAAAAAAAAAAAAAAAAAAAAAAAAAAAAAAAAAAAAAAAAAAAAAAAAAAAAAAAAAAAAAAAAAAAAAAAAAAAAAAAAAAAAAAAAAAAAAAAAAAAAAAAAAAAAAAAAAAAAAAAAAAAAAAAAAAAAAAAAAAAAAAAAAAAAAAAAAAAAAAAAAAAAAAAAAAAAAAAAAAAAAAAAAAAAAAAAAAAAAAAAAAAAAAAAAAAAAAAAAAAAAAAAAAAAAAAAAAAAAAAAAAAAAAAAAAAAAAAAAAAAAAAAAAAAAAAAAAAAAAAAAAAAAAAAAAAAAAAAAAAAAAAAAAAAAAAAAAAAAAAAAAAAAAAAAAAAAAAAAAAAAAAAAAAAAAAAAAAAAAAAAAAAAAAAAAAAAAAAAAAAAAAAAAAAAAAAAAAAAAAAAAAAAAAAAAAAAAAAAAAAAAAAAAAAAAAAAAAAAAAAAAAAAAAAAAAAAAAAAAAAAAAAAAAAAAAAAAAAAAAAAAAAAAAAAAAAAAAAAAAAAAAAAAAAAAAAAAAAAAAAAAAAAAAAAAAAAAAAAAAAAAAAAAAAAAAAAAAAAAAAAAAAAAAAAAAAAAAAAAAAAAAAAAAAAAAAAAAAAAAAAAAAAAAAAAAAAAAAAAAAAAAAAAAAAAAAAAAAAAAAAAAAAAAAAAAAAAAAAAAAAAAAAAAAAAAAAAAAAAAAAAAAAAAAAAAAAAAAAAAAAAAAAAAAAAAAAAAAAAAAAAAAAAAAAAAAAAAAAAAAAAAAAAAAAAAAAAAAAAAAAAAAAAAAAAAAAAAAAAAAAAAAAAAAAAAAAAAAAAAAAAAAAAAAAAAAAAAAAAAAAAAAAAAAAAAAAAAAAAAAAAAAAAAAAAAAAAAAAAAAAAAAAAAAAAAAAAAAAAAAAAAAAAAAAAAAAAAAAAAAAAAAAAAAAAAAAAAAAAAAAAAAAAAAAAAAAAAAAAAAAAAAAAAAAAAAAAAAAAAAAAAAAAAAAAAAAAAAAAAAAAAAAAAAAAAAAAAAAAAAAAAAAAAAAAAAAAAAAAAAAAAAAAAAAAAAAAAAAAAAAAAAAAAAAAAAAAAAAAAAAAAAAAAAAAAAAAAAAAAAAAAAAAAAAAAAAAAAAAAAAAAAAAAAAAAAAAAAAAAAAAAAAAAAAAAAAAAAAAAAAAAAAAAAAAAAAAAAAAAAAAAAAAAAAAAAAAAAAAAAAAAAAAAAAAAAAAAAAAAAAAAAAAAAAAAAAAAAAAAAAAAAAAAAAAAAAAAAAAAAAAAAAAAAAAAAAAAAAAAAAAAAAAAAAAAAAAAAAAAAAAAAAAAAAAAAAAAAAAAAAAAAAAAAAAAAAAAAAAAAAAAAAAAAAAAAAAAAAAAAAAAAAAAAAAAAAAAAAAAAAAAAAAAAAAAAAAAAAAAAAAAAAAAAAAAAAAAAAAAAAAAAAAAAAAAAAAAAAAAAAAAAAAAAAAAAAAAAAAAAAAAAAAAAAAAAAAAAAAAAAAAAAAAAAAAAAAAAAAAAAAAAAAAAAAAAAAAAAAAAAAAAAAAAAAAAAAAAAAAAAAAAAAAAAAAAAAAAAAAAAAAAAAAAAAAAAAAAAAAAAAAAAAAAAAAAAAAAAAAAAAAAAAAAAAAAAAAAAAAAAAAAAAAAAAAAAAAAAAAAAAAAAAAAAAAAAAAAAAAAAAAAAAAAAAAAAAAAAAAAAAAAAAAAAAAAAAAAAAAAAAAAAAAAAAAAAAAAAAAAAAAAAAAAAAAAAAAAAAAAAAAAAAAAAAAAAAAAAAAAAAAAAAAAAAAAAAAAAAAAAAAAAAAAAAAAAAAAAAAAAAAAAAAAAAAAAAAAAAAAAAAAAAAAAAAAAAAAAAAAAAAAAAAAAAAAAAAAAAAAAAAAAAAAAAAAAAAAAAAAAAAAAAAAAAAAAAAAAAAAAAAAAAAAAAAAAAAAAAAAAAAAAAAAAAAAAAAAAAAAAAAAAAAAAAAAAAAAAAAAAAAAAAAAAAAAAAAAAAAAAAAAAAAAAAAAAAAAAAAAAAAAAAAAAAAAAAAAAAAAAAAAAAAAAAAAAAAAAAAAAAAAAAAAAAAAAAAAAAAAAAAAAAAAAAAAAAAAAAAAAAAAAAAAAAAAAAAAAAAAAAAAAAAAAAAAAAAAAAAAAAAAAAAAAAAAAAAAAAAAAAAAAAAAAAAAAAAAAAAAAAAAAAAAAAAAAAAAAAAAAAAAAAAAAAAAAAAAAAAAAAAAAAAAAAAAAAAAAAAAAAAAAAAAAAAAAAAAAAAAAAAAAAAAAAAAAAAAAAAAAAAAAAAAAAAAAAAAAAAAAAAAAAAAAAAAAAAAAAAAAAAAAAAAAAAAAAAAAAAAAAAAAAAAAAAAAAAAAAAAAAAAAAAAAAAAAAAAAAAAAAAAAAAAAAAAAAAAAAAAAAAAAAAAAAAAAAAAAAAAAAAAAAAAAAAAAAAAAAAAAAAAAAAAAAAAAAAAAAAAAAAAAAAAAAAAAAAAAAAAAAAAAAAAAAAAAAAAAAAAAAAAAAAAAAAAAAAAAAAAAAAAAAAAAAAAAAAAAAAAAAAAAAAAAAAAAAAAAAAAAAAAAAAAAAAAAAAAAAAAAAAAAAAAAAAAAAAAAAAAAAAAAAAAAAAAAAAAAAAAAAAAAAAAAAAAAAAAAAAAAAAAAAAAAAAAAAAAAAAAAAAAAAAAAAAAAAAAAAAAAAAAAAAAAAAAAAAAAAAAAAAAAAAAAAAAAAAAAAAAAAAAAAAAAAAAAAAAAAAAAAAAAAAAAAAAAAAAAAAAAAAAAAAAAAAAAAAAAAAAAAAAAAAAAAAAAAAAAAAAAAAAAAAAAAAAAAAAAAAAAAAAAAAAAAAAAAAAAAAAAAAAAAAAAAAAAAAAAAAAAAAAAAAAAAAAAAAAAAAAAAAAAAAAAAAAAAAAAAAAAAAAAAAAAAAAAAAAAAAAAAAAAAAAAAAAAAAAAAAAAAAAAAAAAAAAAAAAAAAAAAAAAAAAAAAAAAAAAAAAAAAAAAAAAAAAAAAAAAAAAAAAAAAAAAAAAAAAAAAAAAAAAAAAAAAAAAAAAAAAAAAAAAAAAAAAAAAAAAAAAAAAAAAAAAAAAAAAAAAAAAAAAAAAAAAAAAAAAAAAAAAAAAAAAAAAAAAAAAAAAAAAAAAAAAAAAAAAAAAAAAAAAAAAAAAAAAAAAAAAAAAAAAAAAAAAAAAAAAAAAAAAAAAAAAAAAAAAAAAAAAAAAAAAAAAAAAAAAAAAAAAAAAAAAAAAAAAAAAAAAAAAAAAAAAAAAAAAAAAAAAAAAAAAAAAAAAAAAAAAAAAAAAAAAAAAAAAAAAAAAAAAAAAAAAAAAAAAAAAAAAAAAAAAAAAAAAAAAAAAAAAAAAAAAAAAAAAAAAAAAAAAAAAAAAAAAAAAAAAAAAAAAAAAAAAAAAAAAAAAAAAAAAAAAAAAAAAAAAAAAAAAAAAAAAAAAAAAAAAAAAAAAAAAAAAAAAAAAAAAAAAAAAAAAAAAAAAAAAAAAAAAAAAAAAAAAAAAAAAAAAAAAAAAAAAAAAAAAAAAAAAAAAAAAAAAAAAAAAAAAAAAAAAAAAAAAAAAAAAAAAAAAAAAAAAAAAAAAAAAAAAAAAAAAAAAAAAAAAAAAAAAAAAAAAAAAAAAAAAAAAAAAAAAAAAAAAAAAAAAAAAAAAAAAAAAAAAAAAAAAAAAAAAAAAAAAAAAAAAAAAAAAAAAAAAAAAAAAAAAAAAAAAAAAAAAAAAAAAAAAAAAAAAAAAAAAAAAAAAAAAAAAAAAAAAAAAAAAAAAAAAAAAAAAAAAAAAAAAAAAAAAAAAAAAAAAAAAAAAAAAAAAAAAAAAAAAAAAAAAAAAAAAAAAAAAAAAAAAAAAAAAAAAAAAAAAAAAAAAAAAAAAAAAAAAAAAAAAAAAAAAAAAAAAAAAAAAAAAAAAAAAAAAAAAAAAAAAAAAAAAAAAAAAAAAAAAAAAAAAAAAAAAAAAAAAAAAAAAAAAAAAAAAAAAAAAAAAAAAAAAAAAAAAAAAAAAAAAAAAAAAAAAAAAAAAAAAAAAAAAAAAAAAAAAAAAAAAAAAAAAAAAAAAAAAAAAAAAAAAAAAAAAAAAAAAAAAAAAAAAAAAAAAAAAAAAAAAAAAAAAAAAAAAAAAAAAAAAAAAAAAAAAAAAAAAAAAAAAAAAAAAAAAAAAAAAAAAAAAAAAAAAAAAAAAAAAAAAAAAAAAAAAAAAAAAAAAAAAAAAAAAAAAAAAAAAAAAAAAAAAAAAAAAAAAAAAAAAAAAAAAAAAAAAAAAAAAAAAAAAAAAAAAAAAAAAAAAAAAAAAAAAAAAAAAAAAAAAAAAAAAAAAAAAAAAAAAAAAAAAAAAAAAAAAAAAAAAAAAAAAAAAAAAAAAAAAAAAAAAAAAAAAAAAAAAAAAAAAAAAAAAAAAAAAAAAAAAAAAAAAAAAAAAAAAAAAAAAAAAAAAAAAAAAAAAAAAAAAAAAAAAAAAAAAAAAAAAAAAAAAAAAAAAAAAAAAAAAAAAAAAAAAAAAAAAAAAAAAAAAAAAAAAAAAAAAAAAAAAAAAAAAAAAAAAAAAAAAAAAAAAAAAAAAAAAAAAAAAAAAAAAAAAAAAAAAAAAAAAAAAAAAAAAAAAAAAAAAAAAAAAAAAAAAAAAAAAAAAAAAAAAAAAAAAAAAAAAAAAAAAAAAAAAAAAAAAAAAAAAAAAAAAAAA=)	2026-07-01 05:33:21.68112-07	2026-07-01 05:33:21.68112-07
29ed2dd0-5e1b-4270-8610-57e253f6fc3f	8ae07fa0-8e99-4fde-9537-23f2d037f856	7db2e4b8-719d-4f8a-804f-382ab5bf6827	hi	2026-07-03 04:41:54.53943-07	2026-07-03 04:41:54.53943-07
0cd62f9f-58e9-4c0f-9566-29b1d87d87ca	8ae07fa0-8e99-4fde-9537-23f2d037f856	7db2e4b8-719d-4f8a-804f-382ab5bf6827	![img](http://res.cloudinary.com/dwjy0lwss/image/upload/v1783079057/k3xprnzywd0z16acxydz.jpg)	2026-07-03 04:44:19.301552-07	2026-07-03 04:44:19.301552-07
1dadcf3e-555f-4a73-8299-bf9d4e75e7cf	a0f973dd-f1d5-4782-bc54-dd6b7cda9185	9602900d-c903-4b91-aa59-c1cfb9301c45	hi	2026-07-03 05:25:38.775112-07	2026-07-03 05:25:38.775112-07
5cc22001-8c30-4911-859a-ffdb5e06f153	8ae07fa0-8e99-4fde-9537-23f2d037f856	803ade7c-d50f-4be2-9e37-99cd2f11e076	hi	2026-07-03 22:04:47.533346-07	2026-07-03 22:04:47.533346-07
3c1b25ea-9de9-40ca-90fc-2e7c36ffffbf	a0f973dd-f1d5-4782-bc54-dd6b7cda9185	803ade7c-d50f-4be2-9e37-99cd2f11e076	Hi	2026-07-03 22:12:42.359498-07	2026-07-03 22:12:42.359498-07
d970f9b2-230b-4106-a67f-76c3911ea8f9	a0f973dd-f1d5-4782-bc54-dd6b7cda9185	803ade7c-d50f-4be2-9e37-99cd2f11e076	ra	2026-07-03 22:12:45.330051-07	2026-07-03 22:12:45.330051-07
\.


--
-- Data for Name: otps; Type: TABLE DATA; Schema: public; Owner: -
--

COPY public.otps (id, user_id, code, expires_at, created_at, last_sent_at) FROM stdin;
\.


--
-- Data for Name: post_likes; Type: TABLE DATA; Schema: public; Owner: -
--

COPY public.post_likes (post_id, user_id) FROM stdin;
6	8ae07fa0-8e99-4fde-9537-23f2d037f856
5	8ae07fa0-8e99-4fde-9537-23f2d037f856
5	a0f973dd-f1d5-4782-bc54-dd6b7cda9185
6	1dc0213b-5fef-44d6-b3db-88c6d4cc1514
8	1dc0213b-5fef-44d6-b3db-88c6d4cc1514
8	a0f973dd-f1d5-4782-bc54-dd6b7cda9185
8	8ae07fa0-8e99-4fde-9537-23f2d037f856
2	8ae07fa0-8e99-4fde-9537-23f2d037f856
2	a0f973dd-f1d5-4782-bc54-dd6b7cda9185
6	a0f973dd-f1d5-4782-bc54-dd6b7cda9185
9	a0f973dd-f1d5-4782-bc54-dd6b7cda9185
9	8ae07fa0-8e99-4fde-9537-23f2d037f856
\.


--
-- Data for Name: posts; Type: TABLE DATA; Schema: public; Owner: -
--

COPY public.posts (id, caption, photo, author_id, community_id, user_details, created_at, updated_at) FROM stdin;
2	hi prends	https://res.cloudinary.com/dz98s4eah/image/upload/v1782816439/social_media_posts/sznu3ytzntxvypzadin9.png	8ae07fa0-8e99-4fde-9537-23f2d037f856	\N	{"id": "8ae07fa0-8e99-4fde-9537-23f2d037f856", "name": "Ramesh"}	2026-06-30 03:47:21.002098-07	2026-06-30 03:47:21.002098-07
5	Hi friends......	\N	8ae07fa0-8e99-4fde-9537-23f2d037f856	\N	{"id": "8ae07fa0-8e99-4fde-9537-23f2d037f856", "name": "Ramesh"}	2026-07-01 05:25:26.799821-07	2026-07-01 05:25:26.799821-07
6		https://res.cloudinary.com/dz98s4eah/image/upload/v1782908747/social_media_posts/lhwabizkdwmwwicacqen.jpg	8ae07fa0-8e99-4fde-9537-23f2d037f856	\N	{"id": "8ae07fa0-8e99-4fde-9537-23f2d037f856", "name": "Ramesh"}	2026-07-01 05:25:48.683565-07	2026-07-01 05:25:48.683565-07
8	hi prends	https://res.cloudinary.com/dz98s4eah/image/upload/v1783083722/social_media_posts/ufxg5bttaq2lpqdpjkgx.jpg	1dc0213b-5fef-44d6-b3db-88c6d4cc1514	\N	{"id": "1dc0213b-5fef-44d6-b3db-88c6d4cc1514", "name": "Raju"}	2026-07-03 06:02:03.612487-07	2026-07-03 06:02:03.612487-07
9	iam bhanu .. Today my birthday	\N	a0f973dd-f1d5-4782-bc54-dd6b7cda9185	\N	{"id": "a0f973dd-f1d5-4782-bc54-dd6b7cda9185", "name": "Bhanu bhai"}	2026-07-03 06:13:59.214887-07	2026-07-03 06:13:59.214887-07
\.


--
-- Data for Name: user_follows; Type: TABLE DATA; Schema: public; Owner: -
--

COPY public.user_follows (follower_id, following_id) FROM stdin;
1dc0213b-5fef-44d6-b3db-88c6d4cc1514	8ae07fa0-8e99-4fde-9537-23f2d037f856
8ae07fa0-8e99-4fde-9537-23f2d037f856	a0f973dd-f1d5-4782-bc54-dd6b7cda9185
8ae07fa0-8e99-4fde-9537-23f2d037f856	1dc0213b-5fef-44d6-b3db-88c6d4cc1514
a0f973dd-f1d5-4782-bc54-dd6b7cda9185	8ae07fa0-8e99-4fde-9537-23f2d037f856
\.


--
-- Data for Name: users; Type: TABLE DATA; Schema: public; Owner: -
--

COPY public.users (id, name, email, password, image, about, date, is_verified) FROM stdin;
1dc0213b-5fef-44d6-b3db-88c6d4cc1514	Raju	karna562756@gmail.com	$2a$10$baPMsuLLFgZwPEwFxPGlkui4HRmgMPGlnDdFLIM8K33/Q0zfbP9aK			2026-06-30 05:55:03.260168-07	t
8ae07fa0-8e99-4fde-9537-23f2d037f856	Ramesh	b200722@rgukt.ac.in	$2a$10$QN8ESV3ksywTysPrL5QIOuCXAlf4bot1tdgcytD2ckzLEz6qhUO0m	http://res.cloudinary.com/dwjy0lwss/image/upload/v1782816500/zfpty8kw0ovbzkzrrxaw.jpg		2026-06-30 03:46:07.591284-07	t
a0f973dd-f1d5-4782-bc54-dd6b7cda9185	Bhanu bhai	goudsrinadh29@gmail.com	$2a$10$/Brg9OZM5r470oYxroGrEu0vrkNjs0.wZtIaSUWFlcHyb6aTTDHdC	http://res.cloudinary.com/dwjy0lwss/image/upload/v1783142032/fjgkg9i2mweypssc2fdq.jpg		2026-07-01 05:10:46.593765-07	t
\.


--
-- Name: Post_id_seq; Type: SEQUENCE SET; Schema: public; Owner: -
--

SELECT pg_catalog.setval('public."Post_id_seq"', 9, true);


--
-- Name: comments_id_seq; Type: SEQUENCE SET; Schema: public; Owner: -
--

SELECT pg_catalog.setval('public.comments_id_seq', 9, true);


--
-- Name: otps_id_seq; Type: SEQUENCE SET; Schema: public; Owner: -
--

SELECT pg_catalog.setval('public.otps_id_seq', 7, true);


--
-- Name: chats Chat_pkey; Type: CONSTRAINT; Schema: public; Owner: -
--

ALTER TABLE ONLY public.chats
    ADD CONSTRAINT "Chat_pkey" PRIMARY KEY (id);


--
-- Name: communities Community_name_key; Type: CONSTRAINT; Schema: public; Owner: -
--

ALTER TABLE ONLY public.communities
    ADD CONSTRAINT "Community_name_key" UNIQUE (name);


--
-- Name: communities Community_pkey; Type: CONSTRAINT; Schema: public; Owner: -
--

ALTER TABLE ONLY public.communities
    ADD CONSTRAINT "Community_pkey" PRIMARY KEY (id);


--
-- Name: messages Message_pkey; Type: CONSTRAINT; Schema: public; Owner: -
--

ALTER TABLE ONLY public.messages
    ADD CONSTRAINT "Message_pkey" PRIMARY KEY (id);


--
-- Name: posts Post_pkey; Type: CONSTRAINT; Schema: public; Owner: -
--

ALTER TABLE ONLY public.posts
    ADD CONSTRAINT "Post_pkey" PRIMARY KEY (id);


--
-- Name: users User_email_key; Type: CONSTRAINT; Schema: public; Owner: -
--

ALTER TABLE ONLY public.users
    ADD CONSTRAINT "User_email_key" UNIQUE (email);


--
-- Name: users User_pkey; Type: CONSTRAINT; Schema: public; Owner: -
--

ALTER TABLE ONLY public.users
    ADD CONSTRAINT "User_pkey" PRIMARY KEY (id);


--
-- Name: chat_users chat_users_pkey; Type: CONSTRAINT; Schema: public; Owner: -
--

ALTER TABLE ONLY public.chat_users
    ADD CONSTRAINT chat_users_pkey PRIMARY KEY (chat_id, user_id);


--
-- Name: comments comments_pkey; Type: CONSTRAINT; Schema: public; Owner: -
--

ALTER TABLE ONLY public.comments
    ADD CONSTRAINT comments_pkey PRIMARY KEY (id);


--
-- Name: community_members community_members_pkey; Type: CONSTRAINT; Schema: public; Owner: -
--

ALTER TABLE ONLY public.community_members
    ADD CONSTRAINT community_members_pkey PRIMARY KEY (community_id, user_id);


--
-- Name: otps otps_pkey; Type: CONSTRAINT; Schema: public; Owner: -
--

ALTER TABLE ONLY public.otps
    ADD CONSTRAINT otps_pkey PRIMARY KEY (id);


--
-- Name: otps otps_user_id_key; Type: CONSTRAINT; Schema: public; Owner: -
--

ALTER TABLE ONLY public.otps
    ADD CONSTRAINT otps_user_id_key UNIQUE (user_id);


--
-- Name: post_likes post_likes_pkey; Type: CONSTRAINT; Schema: public; Owner: -
--

ALTER TABLE ONLY public.post_likes
    ADD CONSTRAINT post_likes_pkey PRIMARY KEY (post_id, user_id);


--
-- Name: user_follows user_follows_pkey; Type: CONSTRAINT; Schema: public; Owner: -
--

ALTER TABLE ONLY public.user_follows
    ADD CONSTRAINT user_follows_pkey PRIMARY KEY (follower_id, following_id);


--
-- Name: chats Chat_group_admin_id_fkey; Type: FK CONSTRAINT; Schema: public; Owner: -
--

ALTER TABLE ONLY public.chats
    ADD CONSTRAINT "Chat_group_admin_id_fkey" FOREIGN KEY (group_admin_id) REFERENCES public.users(id) ON DELETE SET NULL;


--
-- Name: communities Community_creator_fkey; Type: FK CONSTRAINT; Schema: public; Owner: -
--

ALTER TABLE ONLY public.communities
    ADD CONSTRAINT "Community_creator_fkey" FOREIGN KEY (creator) REFERENCES public.users(id) ON DELETE SET NULL;


--
-- Name: messages Message_chat_id_fkey; Type: FK CONSTRAINT; Schema: public; Owner: -
--

ALTER TABLE ONLY public.messages
    ADD CONSTRAINT "Message_chat_id_fkey" FOREIGN KEY (chat_id) REFERENCES public.chats(id) ON DELETE CASCADE;


--
-- Name: messages Message_sender_id_fkey; Type: FK CONSTRAINT; Schema: public; Owner: -
--

ALTER TABLE ONLY public.messages
    ADD CONSTRAINT "Message_sender_id_fkey" FOREIGN KEY (sender_id) REFERENCES public.users(id) ON DELETE CASCADE;


--
-- Name: chat_users chat_users_chat_id_fkey; Type: FK CONSTRAINT; Schema: public; Owner: -
--

ALTER TABLE ONLY public.chat_users
    ADD CONSTRAINT chat_users_chat_id_fkey FOREIGN KEY (chat_id) REFERENCES public.chats(id) ON DELETE CASCADE;


--
-- Name: chat_users chat_users_user_id_fkey; Type: FK CONSTRAINT; Schema: public; Owner: -
--

ALTER TABLE ONLY public.chat_users
    ADD CONSTRAINT chat_users_user_id_fkey FOREIGN KEY (user_id) REFERENCES public.users(id) ON DELETE CASCADE;


--
-- Name: comments comments_commented_by_id_fkey; Type: FK CONSTRAINT; Schema: public; Owner: -
--

ALTER TABLE ONLY public.comments
    ADD CONSTRAINT comments_commented_by_id_fkey FOREIGN KEY (commented_by_id) REFERENCES public.users(id) ON DELETE CASCADE;


--
-- Name: comments comments_post_id_fkey; Type: FK CONSTRAINT; Schema: public; Owner: -
--

ALTER TABLE ONLY public.comments
    ADD CONSTRAINT comments_post_id_fkey FOREIGN KEY (post_id) REFERENCES public.posts(id) ON DELETE CASCADE;


--
-- Name: community_members community_members_community_id_fkey; Type: FK CONSTRAINT; Schema: public; Owner: -
--

ALTER TABLE ONLY public.community_members
    ADD CONSTRAINT community_members_community_id_fkey FOREIGN KEY (community_id) REFERENCES public.communities(id) ON DELETE CASCADE;


--
-- Name: community_members community_members_user_id_fkey; Type: FK CONSTRAINT; Schema: public; Owner: -
--

ALTER TABLE ONLY public.community_members
    ADD CONSTRAINT community_members_user_id_fkey FOREIGN KEY (user_id) REFERENCES public.users(id) ON DELETE CASCADE;


--
-- Name: chats fk_latest_message; Type: FK CONSTRAINT; Schema: public; Owner: -
--

ALTER TABLE ONLY public.chats
    ADD CONSTRAINT fk_latest_message FOREIGN KEY (latest_message_id) REFERENCES public.messages(id) ON DELETE SET NULL;


--
-- Name: otps otps_user_id_fkey; Type: FK CONSTRAINT; Schema: public; Owner: -
--

ALTER TABLE ONLY public.otps
    ADD CONSTRAINT otps_user_id_fkey FOREIGN KEY (user_id) REFERENCES public.users(id) ON DELETE CASCADE;


--
-- Name: post_likes post_likes_post_id_fkey; Type: FK CONSTRAINT; Schema: public; Owner: -
--

ALTER TABLE ONLY public.post_likes
    ADD CONSTRAINT post_likes_post_id_fkey FOREIGN KEY (post_id) REFERENCES public.posts(id) ON DELETE CASCADE;


--
-- Name: post_likes post_likes_user_id_fkey; Type: FK CONSTRAINT; Schema: public; Owner: -
--

ALTER TABLE ONLY public.post_likes
    ADD CONSTRAINT post_likes_user_id_fkey FOREIGN KEY (user_id) REFERENCES public.users(id) ON DELETE CASCADE;


--
-- Name: user_follows user_follows_follower_id_fkey; Type: FK CONSTRAINT; Schema: public; Owner: -
--

ALTER TABLE ONLY public.user_follows
    ADD CONSTRAINT user_follows_follower_id_fkey FOREIGN KEY (follower_id) REFERENCES public.users(id) ON DELETE CASCADE;


--
-- Name: user_follows user_follows_following_id_fkey; Type: FK CONSTRAINT; Schema: public; Owner: -
--

ALTER TABLE ONLY public.user_follows
    ADD CONSTRAINT user_follows_following_id_fkey FOREIGN KEY (following_id) REFERENCES public.users(id) ON DELETE CASCADE;


--
-- PostgreSQL database dump complete
--

\unrestrict yIzgIhEFICWwjkcdqM6ET5AiZkoRuDwB8scPUfzqD9mfyBLfoWe0MuT69gTElJc

